id,date,tempreture,aqi,percentage_of_sick_students,preventable_percentage,location_lat,location_long,heat_wave,monsoon,flu/cold,fever,humidity,sunrise,sunset
1,9/29/2023,39,75,42,76,55.8174294,37.3727638,48,2,51,45,45,6:42 AM,7:04 PM
2,12/16/2023,43,64,12,75,25.84122,116.023145,28,8,54,60,50,6:32 AM,7:03 PM
3,6/3/2023,46,49,38,89,34.1926332,131.9199103,17,3,53,41,39,6:43 AM,7:07 PM
4,12/14/2023,50,78,16,68,38.914003,121.614682,32,5,56,54,41,6:43 AM,7:02 PM
5,10/10/2023,39,41,49,78,40.995233,122.064832,46,1,55,21,53,6:40 AM,7:00 PM
6,4/27/2023,40,79,18,65,6.72556,124.06889,28,8,69,22,54,6:44 AM,7:04 PM
7,5/4/2023,41,65,41,64,-7.6371755,112.9386472,47,9,64,54,43,6:31 AM,7:00 PM
8,4/3/2023,41,77,6,98,61.609528,90.129524,48,7,61,28,37,6:31 AM,7:07 PM
9,3/9/2023,50,46,47,94,15.4581332,36.4039629,41,6,48,30,60,6:33 AM,7:14 PM
10,9/18/2023,32,41,22,65,-7.6090348,110.6422198,34,3,69,61,54,6:36 AM,7:01 PM
11,3/24/2023,42,93,13,80,-12.1349328,44.4252603,0,9,63,49,31,6:37 AM,7:14 PM
12,12/3/2023,43,69,39,88,46.75,103.51667,8,2,64,54,49,6:35 AM,7:09 PM
13,9/23/2023,38,44,16,67,-9.3988444,-40.4996855,0,5,62,38,48,6:30 AM,7:10 PM
14,10/28/2023,34,42,11,79,41.4037275,-7.8500816,21,6,59,40,54,6:31 AM,7:06 PM
15,4/14/2023,40,86,49,61,24.804232,98.296657,27,5,54,29,39,6:38 AM,7:03 PM
16,3/22/2023,34,62,17,98,50.4848926,14.0286944,43,4,70,49,49,6:30 AM,7:06 PM
17,12/5/2023,41,30,50,62,-0.6311749,100.1192169,37,2,59,36,33,6:35 AM,7:02 PM
18,6/9/2023,35,64,48,94,39.7451063,22.3615771,7,2,61,43,43,6:30 AM,7:02 PM
19,6/18/2023,30,75,47,85,-7.2964746,108.7571263,34,3,40,37,50,6:41 AM,7:01 PM
20,9/27/2023,33,51,45,72,9.3554435,104.9856176,16,10,53,61,58,6:35 AM,7:07 PM
21,9/23/2023,31,99,16,78,-6.9736661,110.4180162,13,3,43,54,56,6:31 AM,7:11 PM
22,9/19/2023,44,74,21,95,10.5839407,125.1861057,30,8,69,31,50,6:41 AM,7:01 PM
23,2/7/2024,32,37,5,60,14.55647,121.018975,24,6,62,32,57,6:42 AM,7:10 PM
24,2/20/2023,43,40,19,99,49.508379,19.9809619,30,9,64,39,42,6:44 AM,7:06 PM
25,4/2/2023,47,33,48,60,-8.3272653,122.9409494,1,9,53,51,54,6:32 AM,7:07 PM
26,7/14/2023,36,54,20,93,53.3881832,-6.2611953,19,1,56,38,50,6:44 AM,7:11 PM
27,5/17/2023,38,62,7,98,21.752396,111.617849,16,2,46,46,52,6:35 AM,7:08 PM
28,3/26/2023,37,56,30,90,49.7241948,20.4545876,38,2,56,54,37,6:41 AM,7:10 PM
29,6/22/2023,44,37,38,65,45.6838431,28.6143107,28,9,40,65,51,6:41 AM,7:08 PM
30,9/7/2023,35,37,16,77,-7.193833,-78.426165,41,10,48,34,44,6:41 AM,7:03 PM
31,5/20/2023,43,49,29,68,32.060255,118.796877,48,5,49,36,37,6:38 AM,7:04 PM
32,10/12/2023,38,38,48,74,-7.1929741,111.7197315,47,4,69,64,32,6:39 AM,7:07 PM
33,8/27/2023,35,48,45,80,28.818645,107.019761,6,8,69,70,30,6:44 AM,7:12 PM
34,1/2/2024,48,67,49,99,23.144757,113.253429,3,10,52,65,55,6:32 AM,7:02 PM
35,7/13/2023,34,75,9,100,21.795522,109.825927,12,1,44,69,48,6:39 AM,7:08 PM
36,6/17/2023,49,67,5,83,43.4968733,-1.4703339,16,7,64,48,43,6:35 AM,7:01 PM
37,12/31/2023,32,59,49,72,45.597839,126.637515,26,5,42,63,54,6:44 AM,7:05 PM
38,7/17/2023,49,56,15,65,-6.7189946,111.0479956,41,0,55,60,34,6:35 AM,7:05 PM
39,8/9/2023,39,56,21,63,48.7700185,2.3508225,36,0,59,50,41,6:34 AM,7:07 PM
40,8/2/2023,50,44,12,74,43.153975,-77.6120835,46,2,70,20,33,6:42 AM,7:14 PM
41,3/10/2023,39,86,39,97,-20.9977174,27.3352044,34,6,46,46,48,6:39 AM,7:02 PM
42,10/29/2023,38,47,16,83,7.2636011,-58.4829834,45,3,44,55,55,6:36 AM,7:04 PM
43,8/12/2023,30,69,34,62,-6.7453352,34.1531947,9,10,62,50,38,6:39 AM,7:11 PM
44,9/18/2023,37,85,50,65,-4.2221443,-44.7855844,30,3,54,60,47,6:31 AM,7:02 PM
45,8/17/2023,34,66,11,83,28.201931,112.846623,45,2,61,70,45,6:38 AM,7:03 PM
46,2/6/2024,49,55,8,82,-31.48342,19.7582,13,5,53,27,60,6:31 AM,7:03 PM
47,6/13/2023,49,64,20,98,35.556017,118.45146,23,0,47,52,43,6:32 AM,7:09 PM
48,10/11/2023,36,71,10,85,15.399082,119.9327646,15,4,52,24,48,6:38 AM,7:00 PM
49,2/8/2024,44,46,6,84,54.70972,-7.74208,11,1,59,61,44,6:41 AM,7:04 PM
50,7/28/2023,33,76,20,94,12.6612116,-0.5683399,42,7,43,44,30,6:43 AM,7:11 PM
51,8/18/2023,36,68,32,78,32.8449406,36.2251116,17,10,60,37,40,6:33 AM,7:02 PM
52,3/26/2023,46,98,48,65,39.7343087,-8.9156201,33,6,56,42,56,6:43 AM,7:11 PM
53,5/17/2023,49,100,38,87,15.5160946,120.7090355,39,8,55,70,30,6:31 AM,7:09 PM
54,6/7/2023,31,57,30,60,49.970045,19.944654,5,0,57,26,38,6:37 AM,7:10 PM
55,2/7/2024,43,82,48,69,7.3275252,122.8946032,2,9,44,45,30,6:35 AM,7:13 PM
56,7/5/2023,39,60,8,93,35.0160783,40.44654,16,4,55,41,42,6:42 AM,7:11 PM
57,2/26/2023,48,72,47,84,48.534282,30.5234909,43,3,43,63,30,6:30 AM,7:08 PM
58,3/28/2023,32,93,13,66,46.7391101,30.7866668,38,3,62,29,46,6:30 AM,7:14 PM
59,2/26/2023,35,80,46,94,49.4629619,17.1804834,33,1,52,41,59,6:33 AM,7:11 PM
60,1/31/2024,38,75,39,74,-6.9841118,111.7048262,27,6,66,51,37,6:41 AM,7:06 PM
61,12/3/2023,41,90,14,92,-4.269928,138.0803529,46,2,68,59,32,6:33 AM,7:02 PM
62,4/14/2023,48,70,49,96,49.3457516,16.4764384,4,1,70,61,30,6:37 AM,7:12 PM
63,2/26/2023,44,54,16,78,8.0186646,123.7786689,47,7,41,64,41,6:36 AM,7:02 PM
64,12/25/2023,40,61,49,80,29.483809,90.266692,22,6,62,34,34,6:33 AM,7:10 PM
65,5/9/2023,47,55,38,72,41.985186,122.836723,29,7,56,49,53,6:43 AM,7:00 PM
66,7/3/2023,31,79,48,68,45.1761098,20.9132879,44,8,46,39,35,6:32 AM,7:15 PM
67,1/21/2024,43,39,36,73,13.9434827,121.3691335,45,2,62,69,59,6:44 AM,7:04 PM
68,8/27/2023,39,38,41,93,59.6626986,30.0764476,8,4,56,35,47,6:40 AM,7:01 PM
69,3/17/2023,39,42,9,85,61.0031692,25.3947277,31,9,58,63,38,6:43 AM,7:07 PM
70,9/22/2023,35,83,29,97,23.923594,115.761018,16,3,59,70,47,6:41 AM,7:07 PM
71,1/21/2024,49,33,41,97,13.5924758,100.1031202,27,1,41,30,53,6:43 AM,7:09 PM
72,3/24/2023,35,58,37,91,-5.1841285,-37.3477805,15,5,44,47,43,6:39 AM,7:03 PM
73,4/9/2023,32,34,31,76,53.9865,27.7982,28,4,42,32,36,6:30 AM,7:02 PM
74,8/8/2023,30,88,20,87,27.027081,117.694969,29,4,58,60,31,6:31 AM,7:11 PM
75,7/26/2023,34,86,16,77,14.0879302,44.6724469,16,0,70,66,33,6:36 AM,7:10 PM
76,6/15/2023,39,94,34,93,43.5594247,43.4277773,25,2,59,68,40,6:41 AM,7:04 PM
77,10/18/2023,43,72,27,91,52.3533225,18.7293986,5,7,70,35,49,6:44 AM,7:10 PM
78,12/3/2023,35,60,49,62,58.3971367,56.4158867,36,5,52,59,41,6:37 AM,7:03 PM
79,5/3/2023,34,76,49,76,6.9463216,1.1688978,15,6,57,61,53,6:30 AM,7:14 PM
80,10/23/2023,46,42,48,94,34.6870111,-5.4502624,13,5,53,64,58,6:43 AM,7:08 PM
81,10/15/2023,35,47,27,78,14.08181,-85.994003,11,0,40,57,52,6:34 AM,7:04 PM
82,6/29/2023,40,76,48,64,-14.67278,-75.225304,10,9,54,47,31,6:30 AM,7:08 PM
83,3/2/2023,45,40,15,88,31.095979,105.094586,47,2,70,50,43,6:32 AM,7:08 PM
84,2/1/2024,35,59,32,88,49.7216794,18.3373855,40,4,54,38,60,6:33 AM,7:08 PM
85,2/18/2023,49,72,30,93,49.6085752,16.6797892,42,8,64,57,43,6:38 AM,7:06 PM
86,8/31/2023,43,45,30,85,46.9656528,28.7657722,42,1,64,31,36,6:32 AM,7:04 PM
87,4/20/2023,33,92,30,87,28.7401,118.793215,31,10,65,68,38,6:44 AM,7:00 PM
88,9/30/2023,49,52,39,92,8.4362867,-69.9959762,17,0,41,48,58,6:44 AM,7:09 PM
89,4/3/2023,33,87,20,92,40.06165,43.9852874,44,7,55,59,38,6:36 AM,7:13 PM
90,2/10/2023,44,38,28,97,0.1840524,100.1255164,7,2,62,46,44,6:43 AM,7:07 PM
91,5/12/2023,34,72,34,99,3.1852692,-74.9208772,25,6,70,65,49,6:38 AM,7:06 PM
92,9/6/2023,31,41,45,70,58.9867399,16.1955511,28,0,65,51,31,6:35 AM,7:05 PM
93,1/5/2024,35,100,43,75,18.0622222,-77.3286111,43,10,51,24,54,6:30 AM,7:07 PM
94,7/31/2023,50,50,39,82,-28.8241753,17.256296,35,10,58,65,38,6:30 AM,7:06 PM
95,2/13/2023,38,67,43,86,22.2799907,114.1587983,48,4,69,22,30,6:43 AM,7:00 PM
96,8/19/2023,38,54,32,66,30.619516,110.400306,13,5,49,48,56,6:32 AM,7:03 PM
97,12/2/2023,47,63,5,67,-19.6824436,-44.890204,42,1,62,36,34,6:35 AM,7:12 PM
98,2/2/2024,38,75,29,88,43.2900441,45.3024464,10,7,55,52,42,6:30 AM,7:01 PM
99,8/1/2023,44,84,44,100,10.3291793,123.8864493,20,10,63,40,50,6:33 AM,7:12 PM
100,12/17/2023,46,67,20,78,49.4904742,11.0986834,35,0,41,49,35,6:33 AM,7:04 PM
101,2/8/2024,45,100,15,83,38.6968603,-8.7359804,26,4,60,36,39,6:44 AM,7:09 PM
102,12/17/2023,45,65,22,90,19.307033,-99.1675842,15,9,41,25,38,6:41 AM,7:09 PM
103,9/24/2023,32,82,27,83,40.4530275,44.5222246,47,9,43,31,45,6:40 AM,7:09 PM
104,11/28/2023,37,95,38,72,43.8564397,22.5188282,30,1,61,20,50,6:35 AM,7:01 PM
105,4/19/2023,48,92,48,60,62.2666019,27.1252002,33,8,62,64,43,6:31 AM,7:02 PM
106,5/24/2023,45,98,27,72,38.9181719,139.8446841,30,2,69,69,57,6:42 AM,7:01 PM
107,3/28/2023,50,36,47,66,14.5699334,121.0204582,18,8,69,44,37,6:34 AM,7:04 PM
108,6/14/2023,32,80,21,64,-22.455799,-47.0193913,21,0,63,47,38,6:39 AM,7:04 PM
109,5/24/2023,34,32,40,96,35.758786,116.805796,2,7,40,24,59,6:35 AM,7:10 PM
110,10/6/2023,32,77,36,89,28.782431,113.122376,15,8,51,26,56,6:30 AM,7:00 PM
111,1/28/2024,31,69,12,75,52.1660441,16.4612356,38,0,41,47,50,6:30 AM,7:10 PM
112,6/8/2023,49,32,10,60,29.343221,106.427649,8,2,48,23,57,6:35 AM,7:13 PM
113,8/14/2023,30,31,10,68,25.84999,115.400234,3,3,63,57,54,6:34 AM,7:13 PM
114,11/6/2023,46,78,13,61,29.6793128,-82.3723105,17,4,65,45,51,6:32 AM,7:06 PM
115,3/9/2023,38,39,5,97,31.238854,121.331694,21,7,54,63,45,6:38 AM,7:04 PM
116,12/21/2023,39,55,14,91,32.903454,-117.2195678,40,4,61,32,56,6:34 AM,7:13 PM
117,1/1/2024,41,86,33,81,-1.048106,103.380604,4,0,51,51,48,6:43 AM,7:08 PM
118,3/3/2023,44,82,37,73,42.8746212,74.5697617,40,2,46,21,36,6:34 AM,7:12 PM
119,4/13/2023,42,30,45,90,43.2001798,27.905933,26,1,57,33,31,6:44 AM,7:07 PM
120,9/21/2023,37,44,12,87,30.5211502,112.8915932,32,3,65,64,53,6:43 AM,7:02 PM
121,9/7/2023,39,71,20,74,26.27436,106.586543,19,1,52,50,34,6:34 AM,7:11 PM
122,9/5/2023,36,79,7,68,4.733779,-74.2627569,46,1,54,41,41,6:38 AM,7:11 PM
123,12/21/2023,49,96,39,81,5.409158,-73.295881,21,5,47,39,36,6:37 AM,7:06 PM
124,5/22/2023,37,47,40,83,34.8475775,127.3416,2,3,49,31,44,6:32 AM,7:11 PM
125,8/25/2023,48,59,5,87,42.0912106,19.089904,6,10,70,37,44,6:31 AM,7:02 PM
126,7/30/2023,38,43,21,70,43.840232,5.037751,7,1,65,33,48,6:38 AM,7:03 PM
127,2/16/2023,31,67,10,93,-34.4489078,-58.7992473,11,5,47,34,38,6:37 AM,7:11 PM
128,10/16/2023,34,49,26,64,13.9619203,100.5461093,37,5,57,64,41,6:44 AM,7:09 PM
129,2/24/2023,48,73,28,97,43.275207,1.9452714,16,0,43,26,33,6:44 AM,7:05 PM
130,2/4/2024,47,54,5,68,-8.1991972,113.6353431,15,3,67,63,41,6:30 AM,7:09 PM
131,9/24/2023,38,31,49,69,39.119934,77.002783,5,2,60,51,31,6:37 AM,7:09 PM
132,7/2/2023,36,34,6,88,28.583113,116.935849,50,8,44,62,32,6:37 AM,7:05 PM
133,6/27/2023,50,85,14,66,8.016667,-80.45,48,2,51,57,37,6:35 AM,7:08 PM
134,4/10/2023,45,97,44,99,-32.4084888,-63.2596263,1,9,40,32,49,6:43 AM,7:10 PM
135,2/2/2024,35,65,21,99,35.7453776,140.8272903,50,6,64,26,50,6:30 AM,7:07 PM
136,10/30/2023,46,47,46,79,39.9051618,116.4624467,39,9,58,21,44,6:33 AM,7:10 PM
137,4/23/2023,41,74,16,68,46.8260183,-2.1318548,47,0,48,33,41,6:44 AM,7:00 PM
138,8/13/2023,39,62,25,79,49.0337963,16.2983865,7,3,54,51,44,6:42 AM,7:02 PM
139,8/4/2023,38,40,28,77,26.9915774,31.4155591,18,7,55,69,52,6:43 AM,7:10 PM
140,5/6/2023,38,78,25,70,69.0474473,33.2898473,11,3,49,54,34,6:30 AM,7:01 PM
141,10/15/2023,49,78,25,62,56.114128,101.186866,2,6,66,23,37,6:44 AM,7:08 PM
142,1/4/2024,48,100,39,100,-11.9595235,-75.258844,26,9,66,32,50,6:38 AM,7:14 PM
143,5/31/2023,45,38,13,71,19.2540302,-99.6000391,45,0,50,67,44,6:33 AM,7:09 PM
144,8/13/2023,39,77,40,96,-12.3325,43.7775,35,9,60,65,51,6:34 AM,7:05 PM
145,5/27/2023,34,50,47,78,34.199479,119.578364,3,5,51,30,41,6:39 AM,7:01 PM
146,11/5/2023,50,86,6,66,59.9263628,10.779541,31,10,68,63,45,6:34 AM,7:08 PM
147,2/24/2023,42,65,7,94,17.1413481,102.7824777,7,8,46,66,55,6:31 AM,7:14 PM
148,8/7/2023,31,32,49,91,14.1950983,-89.7920356,37,2,61,40,52,6:39 AM,7:14 PM
149,6/27/2023,30,42,8,74,-6.6652456,107.9117062,6,8,67,53,40,6:35 AM,7:12 PM
150,6/7/2023,44,62,30,86,16.7909044,-62.2106241,22,1,63,37,43,6:42 AM,7:14 PM
151,9/9/2023,43,31,38,64,55.7393377,37.6642542,16,3,62,57,52,6:35 AM,7:13 PM
152,8/8/2023,45,69,40,73,6.2012073,-1.6912512,23,1,70,26,43,6:33 AM,7:01 PM
153,7/11/2023,31,49,39,78,32.637546,109.003167,27,9,59,57,38,6:44 AM,7:11 PM
154,7/11/2023,39,61,15,91,32.34977,-80.67895,36,7,54,33,38,6:39 AM,7:12 PM
155,1/1/2024,35,42,8,81,48.9339587,23.1684533,34,0,63,25,47,6:30 AM,7:12 PM
156,6/21/2023,36,61,35,72,-8.1275349,112.2711875,3,4,44,35,30,6:41 AM,7:08 PM
157,8/6/2023,42,77,9,79,4.920956,-75.063129,18,1,66,43,54,6:31 AM,7:03 PM
158,11/12/2023,40,48,37,70,-11.7659957,-75.4723411,14,5,69,68,56,6:37 AM,7:12 PM
159,10/27/2023,37,76,29,67,40.927831,120.632941,37,6,68,50,46,6:40 AM,7:06 PM
160,1/14/2024,50,41,34,99,-34.5078338,-58.5277156,0,3,49,42,38,6:34 AM,7:11 PM
161,4/12/2023,34,51,19,100,39.0145274,-7.0611673,40,5,62,26,60,6:30 AM,7:09 PM
162,7/2/2023,37,72,50,82,-6.9484206,110.2579036,6,3,68,65,38,6:42 AM,7:11 PM
163,3/7/2023,42,33,37,68,33.9498503,-117.636429,8,7,57,48,33,6:39 AM,7:08 PM
164,11/30/2023,41,98,49,66,37.7467263,126.4878731,29,10,54,20,41,6:41 AM,7:06 PM
165,4/18/2023,31,53,49,93,14.5643332,121.1334952,20,2,50,46,55,6:34 AM,7:02 PM
166,7/17/2023,32,40,20,96,41.9238499,20.3755648,49,1,41,40,33,6:32 AM,7:03 PM
167,9/24/2023,39,96,31,78,1.35317,173.04259,47,8,63,34,37,6:30 AM,7:10 PM
168,4/21/2023,31,79,12,100,-8.0604,111.5793,34,7,45,36,51,6:41 AM,7:01 PM
169,11/3/2023,38,60,15,79,44.8278003,14.7318165,24,7,42,30,44,6:44 AM,7:02 PM
170,8/18/2023,49,96,20,98,35.7911456,139.4574047,6,9,68,32,52,6:35 AM,7:06 PM
171,1/9/2024,36,38,9,99,-17.6809984,-149.3081197,31,3,65,50,31,6:34 AM,7:09 PM
172,7/10/2023,33,35,39,82,7.5252594,122.3617095,14,5,44,49,44,6:32 AM,7:03 PM
173,5/18/2023,49,35,30,97,7.0086472,100.4746879,48,2,54,45,34,6:31 AM,7:04 PM
174,8/4/2023,46,95,46,84,-7.3743397,110.2648159,22,8,45,61,38,6:31 AM,7:04 PM
175,12/29/2023,31,34,18,69,48.892701,2.233089,31,1,50,34,49,6:40 AM,7:11 PM
176,6/1/2023,32,56,35,89,32.852247,35.201315,3,6,45,48,41,6:43 AM,7:11 PM
177,7/29/2023,50,88,37,71,35.547715,103.506415,10,1,55,26,38,6:40 AM,7:02 PM
178,8/17/2023,44,76,19,92,6.313861,-76.13181,14,5,46,42,55,6:44 AM,7:09 PM
179,6/11/2023,46,71,12,89,51.8204945,68.3636926,46,7,40,54,50,6:41 AM,7:14 PM
180,4/27/2023,42,94,28,77,31.348795,121.7666886,20,5,50,57,52,6:43 AM,7:11 PM
181,4/16/2023,49,47,47,69,2.6087182,96.1686077,49,7,70,31,34,6:35 AM,7:03 PM
182,9/16/2023,45,54,7,83,54.0691945,45.0923988,31,7,44,47,35,6:33 AM,7:12 PM
183,4/7/2023,49,55,45,90,53.4116818,58.9860021,39,1,64,69,38,6:38 AM,7:06 PM
184,2/15/2023,41,57,25,86,46.6620498,40.5611144,19,8,54,57,59,6:38 AM,7:02 PM
185,1/14/2024,49,86,39,93,46.4270739,16.5473979,13,8,66,61,30,6:39 AM,7:01 PM
186,1/7/2024,33,38,44,81,59.3245933,17.9509504,16,5,53,53,60,6:37 AM,7:13 PM
187,5/23/2023,38,70,24,87,21.121444,106.1110501,45,6,67,62,53,6:40 AM,7:08 PM
188,4/5/2023,33,91,11,91,40.7809019,-74.138917,43,3,49,70,60,6:44 AM,7:11 PM
189,8/15/2023,43,36,47,87,47.7963656,67.7020019,13,1,55,69,44,6:33 AM,7:00 PM
190,10/25/2023,48,58,46,77,-7.0265442,110.1879106,6,10,49,28,45,6:44 AM,7:06 PM
191,2/9/2024,41,57,43,80,33.868434,113.054801,29,8,62,53,49,6:39 AM,7:06 PM
192,7/5/2023,50,62,45,82,13.657613,100.3976471,44,5,54,20,49,6:38 AM,7:06 PM
193,12/9/2023,36,77,6,78,-19.7775397,29.3627814,39,2,48,57,42,6:36 AM,7:12 PM
194,9/9/2023,45,85,6,65,47.7314993,40.2098294,18,0,63,38,51,6:42 AM,7:02 PM
195,1/9/2024,45,34,49,83,48.8706152,2.2289339,29,8,61,49,49,6:38 AM,7:06 PM
196,10/4/2023,42,81,32,81,32.010214,119.606439,8,10,62,31,42,6:38 AM,7:01 PM
197,2/3/2024,48,61,46,89,45.2645197,-74.2176156,44,6,45,68,57,6:33 AM,7:12 PM
198,10/12/2023,48,86,26,85,31.375657,34.905759,50,8,44,28,32,6:41 AM,7:13 PM
199,9/28/2023,36,85,24,94,30.169665,121.266579,45,6,70,26,57,6:42 AM,7:00 PM
200,5/19/2023,36,99,9,74,29.497833,109.918672,42,9,52,46,51,6:30 AM,7:06 PM
201,5/2/2023,42,82,42,76,41.57365,120.4493879,5,3,45,35,44,6:38 AM,7:09 PM
202,5/12/2023,41,69,49,85,15.1650908,120.5657329,45,5,57,39,38,6:35 AM,7:06 PM
203,4/13/2023,31,86,47,93,-16.1941783,-67.7288125,6,8,54,59,32,6:33 AM,7:08 PM
204,5/1/2023,39,81,37,100,-38.977251,-67.826868,39,5,47,69,50,6:35 AM,7:04 PM
205,5/28/2023,33,60,47,82,59.6099005,16.5448092,18,5,57,37,60,6:41 AM,7:00 PM
206,2/2/2024,38,36,36,78,58.703557,14.1362521,8,9,58,53,39,6:35 AM,7:01 PM
207,4/28/2023,38,83,49,79,19.2573848,-99.0149647,5,1,66,41,56,6:35 AM,7:07 PM
208,7/5/2023,49,38,5,69,-20.8938356,-45.2721363,46,10,40,51,31,6:32 AM,7:06 PM
209,1/20/2024,33,41,23,60,6.9097671,0.6298922,23,6,57,36,50,6:39 AM,7:12 PM
210,5/27/2023,38,43,31,87,-7.267752,112.745253,2,4,58,43,43,6:44 AM,7:13 PM
211,8/29/2023,42,34,26,94,55.6768605,40.2177807,50,0,53,58,38,6:32 AM,7:09 PM
212,1/6/2024,40,34,23,63,13.7721417,-88.0766404,19,10,70,64,38,6:41 AM,7:13 PM
213,3/3/2023,45,93,23,60,7.8941941,7.0659783,27,5,51,49,52,6:32 AM,7:08 PM
214,12/6/2023,37,99,26,82,50.119593,12.3484445,23,7,58,35,60,6:44 AM,7:08 PM
215,4/15/2023,38,98,16,68,18.2746509,-74.1643652,45,10,43,27,31,6:31 AM,7:08 PM
216,4/26/2023,36,33,7,86,41.733296,125.5668499,12,1,70,40,35,6:42 AM,7:03 PM
217,4/29/2023,50,70,39,65,-29.56225,30.18109,38,8,45,34,37,6:38 AM,7:10 PM
218,12/16/2023,43,78,8,83,15.4581332,36.4039629,2,2,58,64,48,6:41 AM,7:13 PM
219,5/6/2023,42,38,23,94,43.2981839,22.0044228,9,1,59,50,46,6:34 AM,7:11 PM
220,6/8/2023,44,94,44,60,41.117916,19.610198,12,7,44,23,58,6:44 AM,7:01 PM
221,6/28/2023,49,42,16,86,-43.1169327,-73.6138821,17,1,50,62,48,6:30 AM,7:14 PM
222,9/15/2023,30,35,45,91,14.5473421,120.997522,32,0,70,60,41,6:36 AM,7:13 PM
223,12/7/2023,30,67,31,94,39.9368237,116.4442945,45,0,64,44,60,6:41 AM,7:07 PM
224,6/22/2023,50,36,7,60,52.24396,19.6259601,20,4,65,39,60,6:41 AM,7:08 PM
225,11/27/2023,42,48,16,65,34.0375944,48.4631098,12,10,63,43,30,6:30 AM,7:07 PM
226,4/7/2023,38,80,10,97,56.864192,60.6396711,34,6,65,39,42,6:40 AM,7:07 PM
227,10/17/2023,36,84,29,91,15.8229771,120.2604675,29,5,41,46,42,6:43 AM,7:14 PM
228,1/11/2024,35,45,30,97,13.0427506,100.9345401,16,0,49,40,52,6:40 AM,7:10 PM
229,10/18/2023,31,73,11,69,52.4530993,14.8755999,41,1,63,36,59,6:30 AM,7:02 PM
230,12/8/2023,45,33,45,95,-10.1429097,123.6707189,35,0,47,26,53,6:39 AM,7:10 PM
231,5/15/2023,49,99,33,84,53.9208518,19.0295929,43,3,61,52,51,6:34 AM,7:00 PM
232,9/24/2023,42,31,29,76,-22.787936,-50.2199938,36,4,50,24,51,6:39 AM,7:06 PM
233,7/14/2023,35,57,9,83,-24.7073654,-54.0688562,20,2,52,57,55,6:35 AM,7:00 PM
234,7/26/2023,49,95,22,88,36.8277257,22.7760837,11,5,49,60,30,6:37 AM,7:08 PM
235,5/11/2023,37,80,34,92,17.1413481,102.7824777,49,0,56,39,49,6:44 AM,7:12 PM
236,11/12/2023,50,85,48,72,37.7789529,26.8912124,40,6,69,62,59,6:35 AM,7:12 PM
237,10/10/2023,33,80,39,74,13.7696054,121.030464,25,1,70,55,40,6:42 AM,7:02 PM
238,9/25/2023,44,50,19,87,35.580662,104.626282,5,8,59,42,50,6:42 AM,7:00 PM
239,12/5/2023,43,72,33,81,53.1762084,-105.7514651,34,0,54,66,56,6:34 AM,7:02 PM
240,2/1/2024,43,82,46,85,39.822507,109.963338,14,4,56,34,36,6:44 AM,7:07 PM
241,8/30/2023,45,100,25,99,39.711179,-8.6689187,22,6,50,22,54,6:41 AM,7:02 PM
242,2/28/2023,30,47,37,84,45.089753,-64.3623382,20,6,53,65,39,6:31 AM,7:04 PM
243,8/21/2023,45,62,18,84,-8.5697306,123.3991028,30,2,42,54,45,6:41 AM,7:12 PM
244,7/10/2023,30,34,45,60,14.9192781,100.2905604,44,0,65,64,39,6:44 AM,7:05 PM
245,12/22/2023,33,73,24,95,-6.9174639,107.6191228,10,1,51,27,50,6:39 AM,7:04 PM
246,11/17/2023,39,67,22,76,6.3336659,1.5281253,11,7,67,56,49,6:43 AM,7:01 PM
247,8/22/2023,35,88,38,89,-32.817807,-63.877963,47,7,70,44,47,6:30 AM,7:03 PM
248,3/10/2023,45,33,46,81,4.9697573,10.7013332,39,7,49,35,38,6:34 AM,7:12 PM
249,11/28/2023,44,84,43,63,-8.7578663,-35.1050712,23,6,46,27,59,6:41 AM,7:09 PM
250,11/1/2023,45,95,7,83,50.0509609,72.9660737,4,10,42,45,37,6:40 AM,7:08 PM
251,6/22/2023,39,37,11,76,-7.992641,112.624117,37,10,53,59,57,6:35 AM,7:08 PM
252,5/1/2023,30,77,33,83,-8.0397618,111.9000827,49,3,60,51,58,6:30 AM,7:10 PM
253,12/21/2023,48,55,49,62,-8.219061,128.941023,3,6,50,56,53,6:35 AM,7:04 PM
254,7/2/2023,45,36,24,98,6.7509063,-11.367219,43,10,44,56,31,6:32 AM,7:07 PM
255,6/5/2023,40,69,6,94,31.532311,119.567785,47,2,60,55,58,6:37 AM,7:09 PM
256,10/10/2023,48,88,30,85,45.7738831,-73.9771044,8,9,59,66,52,6:35 AM,7:12 PM
257,8/6/2023,46,66,25,74,-36.6419362,-64.3204306,39,7,47,21,36,6:35 AM,7:09 PM
258,1/29/2024,48,96,29,77,27.917263,118.541256,18,2,54,51,34,6:34 AM,7:01 PM
259,10/9/2023,35,36,32,90,43.5963366,5.4044268,24,8,57,45,45,6:30 AM,7:05 PM
260,7/2/2023,48,98,22,86,-8.1054,113.2827,6,3,63,36,33,6:38 AM,7:07 PM
261,7/26/2023,35,49,40,86,-41.4332215,147.1440875,39,0,68,23,39,6:34 AM,7:03 PM
262,4/11/2023,43,81,32,69,23.326616,110.034076,16,1,49,48,37,6:37 AM,7:00 PM
263,4/17/2023,35,34,12,75,-4.5699815,-45.133574,24,1,65,37,32,6:34 AM,7:13 PM
264,12/19/2023,44,78,38,81,43.3815181,133.9055702,10,4,64,41,54,6:30 AM,7:10 PM
265,2/3/2024,44,30,35,70,20.6574573,-74.9501034,1,8,64,68,58,6:32 AM,7:09 PM
266,10/31/2023,45,85,11,60,41.4929854,-7.7937117,0,3,40,67,40,6:42 AM,7:04 PM
267,10/7/2023,37,75,20,75,-8.0057853,112.7621319,15,1,51,67,52,6:41 AM,7:13 PM
268,2/3/2024,42,31,35,73,23.0818155,-82.3072013,44,5,65,55,38,6:34 AM,7:03 PM
269,6/17/2023,34,72,25,90,-25.8631114,-58.8821875,47,0,55,34,44,6:44 AM,7:13 PM
270,4/6/2023,45,34,35,60,33.888816,105.82972,48,0,69,26,41,6:30 AM,7:02 PM
271,2/4/2024,47,47,37,75,55.7304016,26.2456407,27,2,58,36,50,6:43 AM,7:02 PM
272,1/15/2024,36,62,16,69,37.6796771,68.8347313,16,8,50,32,47,6:30 AM,7:09 PM
273,4/1/2023,40,39,14,87,-6.3019793,-60.0259466,31,1,50,31,40,6:41 AM,7:02 PM
274,2/16/2023,32,42,26,64,-21.8022635,-48.184644,16,2,57,27,45,6:40 AM,7:09 PM
275,8/24/2023,44,57,42,69,13.649619,-87.0218192,46,4,50,43,30,6:44 AM,7:13 PM
276,5/30/2023,38,68,7,99,45.5288007,17.8803474,46,2,65,30,44,6:38 AM,7:03 PM
277,7/28/2023,40,78,16,76,47.7498348,27.9466224,33,0,66,36,52,6:32 AM,7:07 PM
278,8/2/2023,32,68,39,74,-34.6045775,-58.3799949,28,2,61,37,31,6:42 AM,7:02 PM
279,6/10/2023,42,86,11,65,46.2209242,14.3353423,44,5,49,39,38,6:34 AM,7:05 PM
280,1/5/2024,35,57,35,86,52.2245965,15.6833708,1,6,67,57,45,6:31 AM,7:03 PM
281,4/11/2023,41,57,46,66,30.031533,101.014425,12,1,70,42,41,6:33 AM,7:11 PM
282,2/14/2023,45,86,32,91,35.6907846,36.3376199,47,2,40,65,31,6:30 AM,7:12 PM
283,8/11/2023,47,82,22,90,25.6577006,57.7856677,23,5,60,49,51,6:44 AM,7:07 PM
284,3/31/2023,30,62,7,68,-10.0745443,-77.1449212,47,4,63,31,56,6:38 AM,7:14 PM
285,10/26/2023,39,79,48,98,55.41667,22.61667,45,7,50,43,39,6:30 AM,7:06 PM
286,3/12/2023,38,91,38,70,39.8385153,-8.8190392,38,5,56,41,40,6:42 AM,7:12 PM
287,1/14/2024,39,63,25,70,43.1520105,126.4371385,26,3,69,34,38,6:32 AM,7:09 PM
288,2/20/2023,42,73,24,66,31.2194021,107.5185474,7,2,60,63,35,6:30 AM,7:09 PM
289,12/13/2023,34,40,32,83,-14.7704597,-70.9026649,20,10,70,57,35,6:42 AM,7:14 PM
290,7/4/2023,41,100,46,60,28.80901,120.26121,36,6,44,38,41,6:40 AM,7:11 PM
291,12/19/2023,47,78,15,80,28.445007,102.639837,6,3,43,32,34,6:37 AM,7:02 PM
292,11/12/2023,39,82,24,69,-27.3869255,-55.9145502,12,2,68,65,46,6:40 AM,7:06 PM
293,1/14/2024,38,39,21,79,-7.0543824,108.7690065,5,9,59,32,58,6:31 AM,7:12 PM
294,1/8/2024,38,97,24,100,-24.4436327,-56.9014072,20,4,50,46,33,6:41 AM,7:03 PM
295,10/11/2023,41,97,24,63,-6.9263243,110.084385,14,2,46,39,39,6:35 AM,7:12 PM
296,2/28/2023,46,68,19,60,-8.3075674,114.9813499,9,10,58,25,37,6:38 AM,7:00 PM
297,4/19/2023,30,95,16,88,31.0978583,77.2678137,22,5,47,52,59,6:40 AM,7:02 PM
298,5/28/2023,45,97,29,68,29.8743418,-95.5485295,33,2,70,70,49,6:34 AM,7:08 PM
299,6/12/2023,40,66,24,84,41.1856135,-7.8080717,50,9,69,55,37,6:36 AM,7:04 PM
300,7/4/2023,41,87,47,96,6.3726849,125.1367621,49,0,40,22,32,6:31 AM,7:12 PM
301,8/25/2023,39,98,9,97,22.817002,108.366543,43,10,63,43,45,6:37 AM,7:12 PM
302,1/29/2024,43,86,21,100,22.3380865,104.1487055,19,5,50,25,49,6:37 AM,7:10 PM
303,12/10/2023,44,98,44,93,-6.1604549,106.9054618,21,6,61,53,55,6:40 AM,7:09 PM
304,10/3/2023,42,92,30,91,36.730406,101.196484,19,9,50,44,54,6:32 AM,7:02 PM
305,5/16/2023,31,94,45,64,48.1901461,0.6732415,40,10,57,42,36,6:38 AM,7:07 PM
306,5/22/2023,38,70,45,95,-8.6969761,121.2769483,42,7,65,45,39,6:42 AM,7:00 PM
307,2/6/2024,37,78,27,86,-6.6876798,111.4782661,35,6,43,65,40,6:34 AM,7:12 PM
308,5/11/2023,30,43,45,93,24.781681,118.552365,15,3,49,59,57,6:43 AM,7:08 PM
309,11/7/2023,40,82,37,69,-9.8185351,147.6609064,48,6,51,45,36,6:31 AM,7:00 PM
310,3/13/2023,50,90,49,77,14.9333333,120.6166667,44,9,69,67,44,6:42 AM,7:14 PM
311,2/23/2023,32,47,37,99,24.47669,32.94626,1,1,40,60,54,6:38 AM,7:00 PM
312,9/5/2023,43,71,43,68,52.9434371,20.5544716,40,9,41,67,60,6:44 AM,7:14 PM
313,8/3/2023,48,88,41,90,-43.2744697,-65.3109259,0,7,43,69,32,6:33 AM,7:13 PM
314,1/28/2024,31,31,34,100,40.42639,49.98361,3,4,51,21,31,6:44 AM,7:02 PM
315,12/6/2023,31,46,36,70,32.055542,110.741092,13,8,59,70,34,6:39 AM,7:06 PM
316,4/8/2023,30,73,50,88,-8.8196754,121.0507098,47,7,40,20,34,6:41 AM,7:05 PM
317,8/24/2023,39,77,45,86,56.1332672,12.9827591,14,5,45,20,48,6:30 AM,7:07 PM
318,11/27/2023,33,79,44,92,-31.3927967,-64.2545133,13,7,64,67,38,6:30 AM,7:10 PM
319,3/13/2023,40,72,44,68,-7.8626843,-35.5907317,2,4,67,58,51,6:32 AM,7:07 PM
320,12/5/2023,39,44,32,97,34.542308,118.752842,11,0,66,59,59,6:42 AM,7:11 PM
321,1/23/2024,36,82,6,66,-9.0156495,32.9972793,44,4,46,43,45,6:32 AM,7:10 PM
322,4/30/2023,45,45,28,73,52.3554418,46.5615075,4,0,41,41,58,6:37 AM,7:05 PM
323,11/12/2023,39,80,14,80,20.044412,110.198286,36,5,70,35,50,6:40 AM,7:03 PM
324,5/23/2023,30,88,23,92,21.9588282,96.0891032,35,6,51,22,31,6:40 AM,7:02 PM
325,2/28/2023,37,98,50,63,23.364295,116.700277,47,8,68,24,34,6:39 AM,7:14 PM
326,10/21/2023,30,98,38,70,27.088049,119.647769,10,8,55,21,48,6:31 AM,7:00 PM
327,7/19/2023,49,97,50,65,13.7768017,100.5593109,28,0,66,29,37,6:30 AM,7:05 PM
328,7/6/2023,36,79,34,90,-31.4505323,-64.1847851,42,10,59,61,52,6:38 AM,7:01 PM
329,8/18/2023,40,89,5,80,-7.305958,112.8135304,47,7,43,26,46,6:39 AM,7:12 PM
330,3/12/2023,32,78,14,75,-32.9695027,-60.6991676,45,5,46,68,36,6:37 AM,7:09 PM
331,1/14/2024,43,33,44,91,54.9137734,33.2971034,21,9,49,36,50,6:41 AM,7:11 PM
332,3/7/2023,33,34,6,74,-7.229,106.9856,20,10,51,35,50,6:31 AM,7:04 PM
333,1/28/2024,40,42,43,72,14.576059,121.122805,45,8,57,25,38,6:33 AM,7:12 PM
334,10/12/2023,33,65,20,64,31.67361,35.25662,40,4,61,35,39,6:39 AM,7:04 PM
335,9/8/2023,47,95,28,61,-30.3078,27.10324,22,3,42,29,30,6:33 AM,7:07 PM
336,6/5/2023,43,40,14,100,59.3283422,14.4819447,15,0,58,51,54,6:38 AM,7:07 PM
337,10/11/2023,37,50,39,89,14.3213796,121.0737995,37,0,60,23,55,6:41 AM,7:06 PM
338,9/13/2023,39,99,28,91,30.798775,121.33638,37,7,68,32,48,6:42 AM,7:10 PM
339,12/13/2023,32,43,31,60,7.7085722,122.8673554,8,4,46,62,47,6:35 AM,7:14 PM
340,9/20/2023,46,94,42,64,13.760522,-88.2680172,9,1,62,38,57,6:44 AM,7:04 PM
341,10/13/2023,46,60,39,69,48.9088164,13.8865743,35,0,46,35,33,6:42 AM,7:04 PM
342,10/20/2023,47,33,36,78,-34.3998126,-58.6057651,47,7,68,36,53,6:44 AM,7:12 PM
343,12/7/2023,45,37,19,75,14.4514337,120.9791625,41,9,68,48,32,6:40 AM,7:08 PM
344,4/9/2023,49,81,29,91,38.0852204,23.738064,30,6,64,59,38,6:41 AM,7:05 PM
345,2/19/2023,48,44,7,66,13.5096503,-88.9389921,32,3,69,52,52,6:31 AM,7:08 PM
346,10/10/2023,50,41,49,67,34.8291055,36.2264681,22,10,47,69,41,6:36 AM,7:11 PM
347,3/1/2023,43,38,24,100,24.1573777,89.0581674,22,10,43,24,36,6:32 AM,7:12 PM
348,12/23/2023,30,71,22,66,26.577837,118.746284,46,4,61,40,37,6:40 AM,7:07 PM
349,9/22/2023,46,55,5,69,25.9375976,-100.3638252,48,7,55,51,36,6:43 AM,7:04 PM
350,4/14/2023,46,87,48,89,60.008624,30.412653,10,5,50,56,45,6:32 AM,7:05 PM
351,7/8/2023,38,74,7,94,-16.2382608,-44.4370606,0,2,45,47,59,6:33 AM,7:05 PM
352,1/28/2024,36,52,40,95,12.512997,109.140438,3,3,40,27,56,6:33 AM,7:04 PM
353,7/24/2023,40,49,37,61,52.211713,6.8954592,41,10,61,35,36,6:38 AM,7:14 PM
354,11/21/2023,44,88,28,74,38.6969299,-9.3053201,4,0,56,61,34,6:39 AM,7:08 PM
355,12/31/2023,40,37,39,95,-23.1087262,-50.3675124,25,8,52,47,44,6:35 AM,7:13 PM
356,2/20/2023,48,33,38,95,11.3410027,-14.935965,11,4,57,66,37,6:30 AM,7:05 PM
357,10/25/2023,42,32,28,98,-29.7844393,-55.7980283,31,0,69,34,30,6:30 AM,7:11 PM
358,12/31/2023,50,55,30,67,14.7684437,-90.9795277,0,7,50,54,49,6:43 AM,7:12 PM
359,2/5/2024,46,48,21,60,-16.5625267,-41.8402054,7,9,46,40,38,6:44 AM,7:10 PM
360,3/7/2023,49,48,20,68,-0.5350427,34.4530968,50,8,44,33,54,6:35 AM,7:03 PM
361,1/25/2024,37,58,47,60,35.3017596,139.8470483,18,7,65,24,42,6:42 AM,7:02 PM
362,8/22/2023,37,71,24,78,14.0361,33.1712,3,0,54,36,56,6:33 AM,7:02 PM
363,11/28/2023,49,83,36,74,30.833079,115.274798,18,9,69,32,36,6:42 AM,7:07 PM
364,10/23/2023,38,98,40,92,55.024145,30.8005553,24,5,52,24,49,6:31 AM,7:07 PM
365,4/21/2023,44,44,43,79,49.9936338,20.0199888,38,0,44,40,50,6:32 AM,7:12 PM
366,8/29/2023,48,60,39,79,5.8765279,-73.0287209,43,2,49,41,34,6:42 AM,7:09 PM
367,10/10/2023,39,79,32,75,48.7700185,2.3508225,31,10,62,48,30,6:38 AM,7:01 PM
368,11/9/2023,35,31,42,82,-6.4698758,107.4780383,28,8,60,67,33,6:43 AM,7:02 PM
369,11/19/2023,32,96,29,70,40.9447008,-7.3883126,23,2,51,32,40,6:34 AM,7:08 PM
370,6/24/2023,48,69,24,85,-28.6229959,-52.8711249,12,8,47,41,58,6:35 AM,7:14 PM
371,12/14/2023,38,100,39,88,42.697778,129.7741869,13,10,67,35,57,6:35 AM,7:04 PM
372,9/14/2023,37,94,20,63,50.429849,19.0520962,32,4,49,54,49,6:39 AM,7:04 PM
373,2/20/2023,45,94,36,61,-7.898852,111.9284017,19,2,49,28,53,6:30 AM,7:04 PM
374,2/3/2024,44,54,45,76,1.2481932,35.1103736,24,1,41,21,35,6:43 AM,7:09 PM
375,4/22/2023,42,92,13,91,11.186148,123.7487563,46,2,54,31,40,6:41 AM,7:00 PM
376,11/30/2023,45,60,34,80,-6.8330992,106.3198908,7,1,57,64,57,6:35 AM,7:06 PM
377,6/27/2023,31,39,26,97,-35.6767854,174.3471899,9,1,61,33,34,6:30 AM,7:07 PM
378,11/16/2023,45,47,14,88,31.150681,121.124178,18,0,61,27,33,6:36 AM,7:03 PM
379,8/16/2023,31,56,12,83,28.023893,116.263188,1,0,55,51,36,6:31 AM,7:12 PM
380,2/7/2024,36,31,44,100,14.49052,44.13108,50,6,64,57,42,6:34 AM,7:06 PM
381,5/11/2023,38,63,39,72,15.45033,44.12768,30,7,68,60,32,6:44 AM,7:13 PM
382,3/25/2023,39,92,8,88,28.229271,120.997332,30,10,55,58,51,6:41 AM,7:04 PM
383,9/20/2023,50,92,47,80,59.1987737,17.8332915,20,8,60,23,38,6:35 AM,7:12 PM
384,2/21/2023,45,78,29,91,8.0388983,-72.2541441,48,8,41,48,53,6:31 AM,7:06 PM
385,4/1/2023,48,50,41,73,37.106326,-8.4723108,35,2,60,29,36,6:32 AM,7:02 PM
386,4/7/2023,33,81,39,80,41.6751633,60.7598173,29,0,54,30,56,6:31 AM,7:05 PM
387,10/28/2023,38,66,14,100,52.3956594,19.1739321,8,9,66,41,44,6:31 AM,7:07 PM
388,2/18/2023,35,95,50,99,33.2680092,134.1641616,5,9,45,61,56,6:34 AM,7:08 PM
389,6/30/2023,40,75,24,61,53.0475258,90.944621,6,6,53,36,54,6:43 AM,7:07 PM
390,7/10/2023,49,86,21,96,50.2650642,18.9033756,44,5,66,36,53,6:44 AM,7:03 PM
391,11/16/2023,47,98,43,75,-19.54172,169.2803499,21,1,51,34,30,6:32 AM,7:08 PM
392,4/1/2023,33,40,16,87,60.0142824,30.299306,22,0,54,22,35,6:40 AM,7:04 PM
393,4/21/2023,37,84,13,68,31.220367,121.424624,18,3,43,26,36,6:30 AM,7:05 PM
394,10/10/2023,34,80,40,73,-8.0397618,111.9000827,35,10,52,51,33,6:30 AM,7:05 PM
395,6/9/2023,30,99,9,99,56.0184306,87.8550409,17,3,53,38,41,6:43 AM,7:04 PM
396,8/16/2023,41,35,23,96,40.5077508,-7.9582238,18,6,45,57,60,6:40 AM,7:01 PM
397,11/14/2023,34,84,49,65,-7.0401751,107.7132895,42,4,54,26,35,6:37 AM,7:01 PM
398,11/19/2023,34,69,32,90,48.23821,23.5457018,21,8,63,60,35,6:30 AM,7:11 PM
399,5/8/2023,31,75,26,78,13.487968,-15.2648301,45,5,69,40,47,6:40 AM,7:00 PM
400,10/30/2023,33,63,40,62,-7.9454654,113.0845936,18,0,60,39,31,6:43 AM,7:08 PM
401,2/25/2023,38,33,39,82,45.7705013,15.9679074,37,4,50,54,54,6:44 AM,7:13 PM
402,9/15/2023,33,78,39,73,38.9079399,-77.0717165,47,6,40,30,49,6:35 AM,7:07 PM
403,5/3/2023,37,77,38,71,55.7393377,37.6642542,36,0,44,25,52,6:39 AM,7:04 PM
404,8/27/2023,44,86,17,92,19.9093383,-102.1618424,40,10,57,29,50,6:41 AM,7:10 PM
405,6/12/2023,48,67,37,67,1.001167,-77.448926,16,5,48,31,43,6:39 AM,7:08 PM
406,10/1/2023,40,92,33,79,-29.501873,-51.9640632,19,4,65,42,36,6:36 AM,7:01 PM
407,6/10/2023,38,70,48,87,39.726929,116.341395,8,7,52,45,47,6:38 AM,7:05 PM
408,5/3/2023,36,32,34,84,48.7700185,2.3508225,39,0,57,49,50,6:40 AM,7:08 PM
409,7/16/2023,39,93,26,93,44.9794968,19.6209662,13,0,41,53,41,6:43 AM,7:03 PM
410,9/15/2023,31,68,36,66,-7.3356583,109.0798332,14,8,65,30,49,6:37 AM,7:13 PM
411,4/3/2023,31,35,14,61,8.6427567,124.770152,38,8,59,36,52,6:40 AM,7:12 PM
412,2/25/2023,41,85,6,66,4.2904513,9.4144962,27,2,40,32,43,6:35 AM,7:04 PM
413,6/14/2023,48,67,11,78,2.9716241,45.5334515,10,2,59,22,59,6:38 AM,7:14 PM
414,7/31/2023,39,74,9,68,1.3566345,172.9299068,14,6,61,27,58,6:33 AM,7:12 PM
415,5/20/2023,39,79,37,98,32.341673,36.2020028,16,8,57,26,60,6:38 AM,7:14 PM
416,5/27/2023,34,73,50,98,-6.1519535,106.4302811,38,7,59,63,39,6:39 AM,7:10 PM
417,5/1/2023,47,87,33,96,13.6609515,-89.1729807,19,8,49,55,59,6:42 AM,7:07 PM
418,6/7/2023,42,84,26,68,30.274084,120.15507,14,4,49,54,30,6:40 AM,7:02 PM
419,11/25/2023,42,45,12,73,31.784701,87.236772,10,4,62,70,57,6:44 AM,7:07 PM
420,9/2/2023,48,69,16,72,22.58405,113.093384,25,10,50,68,43,6:32 AM,7:01 PM
421,8/6/2023,31,84,26,61,31.325748,113.393516,34,3,46,52,50,6:43 AM,7:04 PM
422,7/17/2023,45,46,25,72,29.841047,112.673519,50,7,57,36,49,6:42 AM,7:15 PM
423,3/8/2023,44,91,17,86,23.199183,113.256439,7,9,63,23,48,6:43 AM,7:06 PM
424,5/15/2023,40,82,25,92,13.8536285,-89.4535357,20,9,68,30,55,6:33 AM,7:04 PM
425,2/1/2024,44,67,12,95,-10.1774,120.3595,12,7,68,55,35,6:42 AM,7:11 PM
426,12/20/2023,36,45,10,87,7.1170609,-73.1526623,49,9,68,43,45,6:33 AM,7:07 PM
427,1/30/2024,32,45,31,77,-6.9965,112.8193,19,8,70,62,60,6:31 AM,7:02 PM
428,6/24/2023,40,53,12,70,8.4846735,123.8022922,15,0,68,69,57,6:44 AM,7:14 PM
429,11/11/2023,35,87,32,60,64.00189,44.44513,16,4,56,44,49,6:38 AM,7:06 PM
430,7/6/2023,49,44,48,73,-22.2275469,-48.7379527,29,10,44,51,33,6:30 AM,7:04 PM
431,1/14/2024,35,70,17,75,-27.4955748,-48.6553685,34,10,70,21,49,6:44 AM,7:03 PM
432,6/19/2023,35,89,37,65,32.3630585,-90.1475822,4,10,69,63,38,6:32 AM,7:04 PM
433,1/21/2024,46,57,34,99,31.926481,35.236911,46,1,69,22,56,6:39 AM,7:04 PM
434,7/23/2023,43,97,28,100,40.02219,98.99644,37,0,65,28,35,6:42 AM,7:10 PM
435,10/29/2023,46,66,42,88,60.7905791,24.9298029,31,2,65,43,34,6:44 AM,7:11 PM
436,10/10/2023,37,73,36,83,46.8615704,9.5262115,42,6,41,39,51,6:35 AM,7:11 PM
437,1/28/2024,39,63,28,69,27.5550535,109.9997446,32,2,49,40,42,6:40 AM,7:01 PM
438,6/28/2023,49,36,36,77,33.8297993,46.3073161,26,9,43,53,48,6:32 AM,7:00 PM
439,5/23/2023,32,62,27,60,14.631218,121.0628238,41,0,47,36,41,6:34 AM,7:12 PM
440,8/24/2023,31,64,50,87,56.1085807,44.4955531,37,1,66,59,56,6:34 AM,7:02 PM
441,4/10/2023,41,43,20,74,43.3216087,-8.434873,4,0,45,37,56,6:30 AM,7:12 PM
442,12/26/2023,45,73,25,68,-30.031249,29.8439109,36,5,47,60,56,6:30 AM,7:00 PM
443,1/13/2024,47,91,14,61,34.2904302,113.3823545,21,7,40,40,53,6:35 AM,7:03 PM
444,2/4/2024,30,34,37,68,-5.4736254,104.6471221,35,10,46,45,32,6:37 AM,7:01 PM
445,5/25/2023,49,37,11,79,-3.983424,119.8612703,29,2,57,57,45,6:40 AM,7:09 PM
446,11/10/2023,36,92,9,80,36.625656,114.538961,25,7,59,30,54,6:36 AM,7:04 PM
447,7/14/2023,36,61,22,91,-33.7309374,-70.7423218,45,0,64,50,40,6:44 AM,7:14 PM
448,9/29/2023,30,82,41,86,51.630114,5.5807167,48,7,57,37,43,6:39 AM,7:02 PM
449,3/18/2023,45,51,5,98,-28.8241753,17.256296,33,6,43,20,44,6:34 AM,7:09 PM
450,5/1/2023,36,43,11,98,30.0413257,31.2046714,10,2,70,43,39,6:33 AM,7:03 PM
451,4/8/2023,47,82,8,77,41.7730238,123.3561121,10,0,44,22,38,6:33 AM,7:04 PM
452,4/17/2023,32,97,30,89,37.87059,112.548879,36,5,61,65,36,6:38 AM,7:05 PM
453,6/29/2023,46,82,39,60,38.8066531,-9.3199202,37,7,53,55,60,6:31 AM,7:04 PM
454,2/3/2024,45,40,18,89,-21.9953615,-42.9146039,33,4,58,53,35,6:41 AM,7:14 PM
455,10/7/2023,46,80,13,60,-8.403309,112.673499,23,7,68,61,33,6:37 AM,7:07 PM
456,7/28/2023,44,91,48,75,43.9763746,4.9052738,2,7,58,66,56,6:32 AM,7:02 PM
457,7/15/2023,46,93,45,63,56.6182449,25.725792,8,1,61,46,34,6:38 AM,7:02 PM
458,9/5/2023,40,87,29,71,-6.5096059,108.4543113,0,2,42,26,56,6:34 AM,7:12 PM
459,10/24/2023,34,53,10,100,37.2425649,111.8568586,15,7,67,68,54,6:34 AM,7:03 PM
460,7/10/2023,38,44,27,68,43.952499,4.804022,8,6,59,65,56,6:33 AM,7:04 PM
461,5/1/2023,38,86,5,93,14.097615,122.956811,39,5,57,33,32,6:44 AM,7:11 PM
462,4/26/2023,35,43,37,67,-34.007765,24.7371099,25,4,57,20,51,6:39 AM,7:10 PM
463,4/14/2023,34,53,17,98,-8.2994,123.2655,10,6,64,21,40,6:40 AM,7:03 PM
464,1/20/2024,46,51,21,76,21.660935,109.207335,11,10,45,56,43,6:43 AM,7:09 PM
465,3/24/2023,34,80,22,86,38.093189,114.478864,28,9,46,64,34,6:42 AM,7:14 PM
466,2/24/2023,40,92,10,94,23.027797,114.950182,19,8,40,22,46,6:32 AM,7:08 PM
467,8/29/2023,39,64,50,94,11.0918578,122.0473054,36,2,69,55,57,6:40 AM,7:08 PM
468,12/3/2023,31,60,46,80,-34.6161437,-58.5238406,0,4,59,68,36,6:32 AM,7:03 PM
469,5/19/2023,35,34,41,91,50.5602298,14.166977,39,7,57,22,54,6:37 AM,7:13 PM
470,4/14/2023,42,92,45,91,38.487193,106.230908,3,6,69,33,52,6:43 AM,7:12 PM
471,8/15/2023,33,66,12,88,45.4560254,9.1257661,18,8,68,65,50,6:37 AM,7:06 PM
472,3/4/2023,50,75,27,66,-6.2306088,-77.9554253,15,9,51,24,39,6:39 AM,7:01 PM
473,5/30/2023,43,45,44,64,15.4728312,104.071515,16,4,67,30,35,6:31 AM,7:09 PM
474,11/20/2023,35,31,49,64,44.351935,-87.8445954,1,1,59,50,44,6:31 AM,7:07 PM
475,7/11/2023,38,41,47,66,-20.4438418,-44.7653198,42,10,51,61,60,6:42 AM,7:08 PM
476,6/11/2023,47,39,49,69,57.7947889,13.4205162,35,8,62,67,47,6:35 AM,7:13 PM
477,12/28/2023,33,92,42,73,15.5356992,120.5285998,5,6,64,34,59,6:30 AM,7:01 PM
478,6/25/2023,36,39,26,87,-14.98306,-73.841164,9,7,66,64,49,6:40 AM,7:08 PM
479,2/21/2023,35,55,32,65,45.333333,96.65,15,4,46,59,51,6:44 AM,7:10 PM
480,7/22/2023,39,31,26,60,-0.819175,120.167297,39,9,49,69,34,6:42 AM,7:09 PM
481,5/12/2023,33,98,9,91,43.4945737,5.8978018,25,8,52,35,52,6:37 AM,7:00 PM
482,8/11/2023,49,97,20,62,30.6545969,48.6539268,43,7,57,65,42,6:32 AM,7:10 PM
483,2/21/2023,38,73,5,82,38.707638,-9.197834,29,4,47,24,47,6:39 AM,7:01 PM
484,1/24/2024,33,60,47,62,1.4190683,103.652859,9,9,54,56,45,6:37 AM,7:01 PM
485,12/31/2023,37,69,45,75,6.6242047,-72.7924612,16,9,68,45,51,6:39 AM,7:00 PM
486,3/2/2023,33,84,15,100,22.529403,103.93935,14,4,57,62,39,6:34 AM,7:01 PM
487,8/22/2023,34,42,40,76,24.781681,118.552365,23,8,57,26,50,6:43 AM,7:07 PM
488,6/26/2023,42,98,7,85,14.9817467,-87.8893383,1,8,53,65,37,6:33 AM,7:06 PM
489,12/24/2023,42,38,42,93,44.0527811,6.1717148,39,3,57,57,32,6:35 AM,7:08 PM
490,6/22/2023,46,53,14,77,53.5511779,9.9641759,46,2,68,61,51,6:37 AM,7:02 PM
491,12/8/2023,39,33,25,74,50.1267742,15.1782064,38,6,51,33,55,6:32 AM,7:03 PM
492,7/5/2023,33,74,24,89,46.5919484,13.9234172,2,1,50,54,51,6:36 AM,7:14 PM
493,4/14/2023,33,74,28,83,38.006148,23.7836954,14,9,52,53,35,6:37 AM,7:08 PM
494,1/12/2024,33,66,25,91,10.729632,124.795761,16,4,51,30,53,6:35 AM,7:03 PM
495,3/28/2023,34,53,36,61,15.9535593,121.1098151,34,6,68,66,36,6:39 AM,7:13 PM
496,11/6/2023,30,65,10,81,1.424768,103.6487041,18,10,64,45,32,6:37 AM,7:14 PM
497,8/25/2023,32,33,21,84,45.697904,0.964671,42,5,50,61,57,6:44 AM,7:06 PM
498,5/16/2023,45,90,21,93,1.4081109,-77.391527,33,9,69,57,30,6:37 AM,7:01 PM
499,10/8/2023,35,61,37,65,7.38153,-73.919121,28,4,54,61,53,6:33 AM,7:08 PM
500,7/25/2023,34,64,34,78,36.4343708,25.3447274,10,0,57,44,56,6:38 AM,7:05 PM
501,12/3/2023,36,70,29,61,41.6338439,25.3777119,23,10,46,42,46,6:34 AM,7:05 PM
502,3/20/2023,41,56,10,71,50.0398933,19.7289065,0,6,54,38,56,6:33 AM,7:00 PM
503,1/17/2024,48,70,13,93,51.6455857,39.2435026,50,6,54,50,42,6:31 AM,7:03 PM
504,12/15/2023,30,33,22,99,-6.3870559,-77.5461785,33,5,51,69,38,6:33 AM,7:05 PM
505,10/29/2023,42,58,8,76,49.4817883,18.0449791,36,4,70,41,31,6:32 AM,7:10 PM
506,7/28/2023,44,44,21,92,23.7321074,-103.9832684,44,6,67,33,52,6:37 AM,7:06 PM
507,3/12/2023,35,92,32,99,3.2572094,-77.2864879,49,5,50,70,38,6:32 AM,7:02 PM
508,3/1/2023,33,36,39,83,13.6132538,100.8282161,5,7,69,67,39,6:41 AM,7:13 PM
509,7/11/2023,45,34,31,67,-9.5994215,119.3221307,31,9,62,27,58,6:34 AM,7:12 PM
510,4/27/2023,37,72,11,89,55.8634461,13.6916707,18,3,48,22,41,6:31 AM,7:11 PM
511,2/18/2023,48,79,45,74,-6.2360264,106.3198908,31,9,46,67,43,6:34 AM,7:02 PM
512,4/8/2023,31,98,43,88,8.9721547,37.8618422,0,10,48,24,40,6:33 AM,7:04 PM
513,10/5/2023,35,92,25,63,31.938731,113.165197,13,3,43,70,48,6:43 AM,7:05 PM
514,10/26/2023,47,90,26,83,16.289185,119.90559,35,4,42,67,32,6:35 AM,7:06 PM
515,12/28/2023,39,36,5,70,9.2214675,122.8845373,46,0,52,62,48,6:30 AM,7:09 PM
516,1/8/2024,48,81,38,99,-13.0719408,-39.5099186,42,8,54,53,54,6:43 AM,7:09 PM
517,5/27/2023,46,36,13,64,48.3688297,14.4310149,26,8,49,23,34,6:37 AM,7:08 PM
518,9/9/2023,35,82,50,86,12.5797,123.6688,13,10,57,51,60,6:39 AM,7:03 PM
519,11/8/2023,48,47,29,95,0.6812449,34.4212109,50,9,51,33,53,6:35 AM,7:14 PM
520,2/8/2024,44,62,14,75,64.1775401,25.9658805,32,5,49,69,30,6:35 AM,7:09 PM
521,7/30/2023,41,41,38,72,40.788434,114.894189,8,9,60,49,51,6:35 AM,7:10 PM
522,3/20/2023,50,65,16,86,41.6429311,-8.1464077,12,8,45,32,37,6:31 AM,7:00 PM
523,8/6/2023,34,62,19,90,51.12,40.28889,12,1,41,21,44,6:32 AM,7:05 PM
524,9/19/2023,44,54,9,62,32.699635,35.303546,5,4,68,56,60,6:42 AM,7:01 PM
525,6/3/2023,43,95,41,62,26.053583,117.870803,32,0,53,27,58,6:39 AM,7:05 PM
526,11/15/2023,34,71,34,96,42.4947806,-90.7164246,31,4,63,48,40,6:41 AM,7:04 PM
527,2/13/2023,46,51,17,100,-6.9987,112.5755,31,9,41,57,53,6:44 AM,7:08 PM
528,6/18/2023,34,65,26,100,21.912701,111.902604,10,4,66,43,42,6:43 AM,7:08 PM
529,9/23/2023,34,51,31,90,53.2252531,33.7298819,33,10,52,22,51,6:43 AM,7:04 PM
530,4/19/2023,50,79,34,68,-23.5441298,-46.3660676,43,6,57,60,56,6:30 AM,7:04 PM
531,9/27/2023,48,43,5,92,16.3258256,120.7236931,6,2,69,42,55,6:36 AM,7:11 PM
532,8/1/2023,41,61,11,69,-24.0860329,-46.8640458,6,3,53,45,39,6:31 AM,7:08 PM
533,2/4/2024,35,32,41,62,7.935298,-68.917999,5,8,70,54,46,6:33 AM,7:14 PM
534,1/18/2024,37,73,29,64,56.8408003,42.5992867,24,6,44,47,45,6:38 AM,7:04 PM
535,8/14/2023,48,89,45,88,29.696195,106.79542,50,10,42,43,30,6:42 AM,7:04 PM
536,12/10/2023,50,69,16,84,1.36292,173.16226,24,1,69,25,31,6:39 AM,7:13 PM
537,1/1/2024,43,96,14,84,44.9844262,15.8238674,15,10,66,31,49,6:40 AM,7:03 PM
538,3/9/2023,30,43,39,89,19.2814128,-99.5409261,43,3,57,63,42,6:37 AM,7:13 PM
539,12/26/2023,39,55,43,65,7.1061769,125.6424056,15,1,65,69,58,6:44 AM,7:11 PM
540,5/22/2023,38,47,23,65,55.580853,38.136671,26,7,49,66,37,6:32 AM,7:05 PM
541,12/18/2023,34,81,38,91,49.1376432,9.1776059,42,10,66,33,31,6:35 AM,7:04 PM
542,3/25/2023,42,46,17,60,39.6756105,-8.9783717,19,1,47,58,44,6:40 AM,7:05 PM
543,7/30/2023,34,63,49,93,60.0203894,41.0711197,35,6,56,41,56,6:33 AM,7:06 PM
544,8/31/2023,38,98,38,89,-7.1532,114.3304,28,4,68,46,35,6:40 AM,7:13 PM
545,6/7/2023,47,36,35,96,10.5083266,106.8635004,45,10,48,34,50,6:34 AM,7:13 PM
546,10/21/2023,33,72,40,81,42.1142239,-84.2494229,7,0,56,29,52,6:43 AM,7:09 PM
547,5/16/2023,34,81,30,61,49.4382375,1.0598119,36,3,40,40,57,6:31 AM,7:12 PM
548,3/2/2023,39,32,23,96,35.0107648,69.1625896,39,7,55,61,38,6:36 AM,7:12 PM
549,4/12/2023,47,73,47,76,51.3035449,117.8793825,9,4,47,40,36,6:30 AM,7:03 PM
550,4/17/2023,43,99,40,98,42.717429,124.038125,25,7,69,20,46,6:41 AM,7:07 PM
551,5/27/2023,37,70,36,89,10.7540279,106.6633746,2,7,50,32,37,6:36 AM,7:07 PM
552,6/9/2023,42,42,31,70,45.6472323,13.7889869,25,2,48,68,49,6:40 AM,7:04 PM
553,8/29/2023,40,58,42,62,31.09656,121.507445,41,3,69,20,50,6:40 AM,7:00 PM
554,6/3/2023,46,42,21,79,19.3852368,-98.9545512,24,9,42,38,37,6:35 AM,7:08 PM
555,4/5/2023,36,91,26,77,42.8212455,73.8536683,1,9,42,67,41,6:31 AM,7:07 PM
556,10/21/2023,38,46,37,77,20.3812787,106.4376425,2,10,70,51,40,6:40 AM,7:09 PM
557,4/1/2023,43,30,28,89,19.2586779,-99.1075731,5,10,65,50,60,6:38 AM,7:08 PM
558,11/21/2023,33,54,28,95,27.8169,99.705419,19,10,55,61,55,6:31 AM,7:12 PM
559,3/17/2023,47,79,34,85,-9.42137,119.89388,25,8,63,26,42,6:32 AM,7:12 PM
560,12/6/2023,44,39,43,76,29.4724425,110.5437982,50,9,55,42,35,6:37 AM,7:12 PM
561,1/13/2024,33,99,40,74,-31.6146073,-60.7152064,41,10,44,59,31,6:42 AM,7:05 PM
562,1/17/2024,46,68,46,71,-8.1091223,-35.0838562,26,2,43,63,35,6:42 AM,7:10 PM
563,1/2/2024,44,98,42,74,24.245418,112.047678,11,0,50,34,50,6:42 AM,7:07 PM
564,10/28/2023,31,98,44,71,31.5572,65.4343,48,7,61,29,45,6:42 AM,7:00 PM
565,12/8/2023,48,32,44,81,-8.4837797,115.279613,23,7,48,60,42,6:39 AM,7:00 PM
566,4/21/2023,36,56,34,93,44.441584,126.4510829,35,1,70,28,42,6:36 AM,7:10 PM
567,1/22/2024,32,86,29,99,-34.5023286,-58.6661711,22,8,65,49,30,6:43 AM,7:00 PM
568,2/7/2024,41,97,13,84,49.2121445,37.2665006,6,9,44,66,48,6:42 AM,7:07 PM
569,9/17/2023,48,86,25,90,-6.6063841,106.7617984,21,1,47,47,54,6:38 AM,7:09 PM
570,10/10/2023,37,42,13,63,15.334879,-15.474739,37,1,68,48,59,6:34 AM,7:08 PM
571,10/10/2023,47,70,6,63,35.6643,101.818401,23,7,52,34,42,6:31 AM,7:09 PM
572,12/17/2023,31,67,45,97,-29.4072828,-66.8424753,42,0,65,25,52,6:32 AM,7:08 PM
573,4/1/2023,34,85,9,62,39.8474574,-8.8886377,24,3,50,63,46,6:42 AM,7:11 PM
574,12/3/2023,50,81,31,73,44.3348462,132.5565112,7,1,69,51,39,6:35 AM,7:11 PM
575,11/6/2023,44,100,47,98,48.9446931,91.1606763,15,2,58,69,34,6:40 AM,7:13 PM
576,10/12/2023,30,86,18,100,14.565668,121.0317737,5,1,69,34,45,6:44 AM,7:04 PM
577,10/20/2023,34,45,38,84,44.9844262,15.8238674,2,8,45,52,55,6:40 AM,7:11 PM
578,12/27/2023,34,46,20,93,43.7477413,39.5308638,29,3,53,23,49,6:43 AM,7:01 PM
579,6/3/2023,34,61,25,64,49.6877737,37.1778581,27,2,56,65,48,6:43 AM,7:12 PM
580,9/23/2023,31,60,44,63,10.333833,123.9266643,7,0,43,49,38,6:41 AM,7:11 PM
581,4/21/2023,43,55,45,77,38.925875,100.449818,29,5,54,28,58,6:43 AM,7:03 PM
582,10/15/2023,41,38,13,89,35.1804745,32.6786008,48,9,68,48,31,6:38 AM,7:05 PM
583,5/18/2023,48,61,36,90,29.82,-95.29,2,2,58,44,47,6:35 AM,7:11 PM
584,7/26/2023,43,50,24,72,31.8810103,35.219546,7,2,67,21,52,6:43 AM,7:05 PM
585,7/10/2023,43,70,26,78,-7.7580914,113.563922,35,2,42,48,57,6:40 AM,7:11 PM
586,8/1/2023,43,40,12,73,45.697904,0.964671,32,1,53,34,44,6:39 AM,7:10 PM
587,7/27/2023,41,72,31,60,-12.5465375,-38.7110678,27,0,60,68,52,6:39 AM,7:03 PM
588,3/11/2023,32,72,22,77,55.7742636,37.5884971,6,3,53,21,44,6:43 AM,7:04 PM
589,7/30/2023,41,72,42,76,36.6740953,46.570133,42,10,54,23,51,6:40 AM,7:06 PM
590,1/30/2024,45,45,21,100,42.3604802,-71.0590624,18,0,66,36,35,6:31 AM,7:07 PM
591,9/3/2023,42,65,26,86,-8.7318869,121.7423434,25,5,54,33,36,6:43 AM,7:05 PM
592,8/27/2023,49,89,14,91,55.2763668,61.9012109,40,4,55,29,45,6:35 AM,7:02 PM
593,4/20/2023,41,40,10,75,19.4052965,-99.1504583,19,5,56,23,35,6:44 AM,7:12 PM
594,3/28/2023,43,53,48,62,-32.9481877,-53.9378421,30,10,50,55,42,6:38 AM,7:14 PM
595,6/4/2023,44,71,45,78,38.696249,-8.7098337,22,1,66,52,37,6:44 AM,7:09 PM
596,4/22/2023,45,67,27,81,-10.0231658,-76.6809744,19,3,43,34,34,6:31 AM,7:10 PM
597,1/26/2024,47,88,12,66,-19.8446577,-43.9551381,33,3,41,45,57,6:39 AM,7:07 PM
598,10/4/2023,41,68,14,95,1.3118981,32.463708,8,6,67,23,32,6:41 AM,7:14 PM
599,11/6/2023,35,93,21,63,49.1931313,-0.3907558,34,7,53,43,43,6:32 AM,7:11 PM
600,12/8/2023,37,78,20,89,37.4454804,59.1099161,23,4,64,67,57,6:35 AM,7:12 PM
601,11/2/2023,37,66,48,66,-28.3031653,-49.3450112,0,8,63,43,53,6:43 AM,7:00 PM
602,12/16/2023,42,41,27,68,-7.6435908,111.3754214,13,2,41,60,60,6:30 AM,7:02 PM
603,9/7/2023,30,69,31,77,-8.5335529,115.1092099,9,2,42,66,58,6:31 AM,7:02 PM
604,10/11/2023,37,37,20,96,27.4378935,30.8162909,25,10,48,39,52,6:43 AM,7:08 PM
605,4/4/2023,32,83,19,73,36.4109466,128.1590828,44,4,59,61,57,6:38 AM,7:12 PM
606,9/6/2023,40,36,24,68,-26.8251371,-49.26952,14,6,48,41,55,6:32 AM,7:08 PM
607,2/5/2024,40,46,50,97,22.517585,113.39277,43,4,45,63,30,6:37 AM,7:06 PM
608,1/8/2024,44,42,16,91,-7.7276103,110.8582722,4,8,46,46,51,6:31 AM,7:11 PM
609,10/26/2023,49,38,28,85,24.8197427,-107.655919,36,4,49,43,53,6:38 AM,7:04 PM
610,8/5/2023,31,47,17,86,58.5748357,11.9906,28,1,51,44,33,6:42 AM,7:00 PM
611,11/5/2023,33,88,20,62,-21.1704008,-47.8103238,15,9,68,68,33,6:32 AM,7:00 PM
612,7/18/2023,39,32,31,75,-8.5697306,123.3991028,14,10,70,61,58,6:34 AM,7:12 PM
613,5/17/2023,46,83,23,87,-9.4004209,-77.5777031,46,5,66,48,60,6:30 AM,7:02 PM
614,1/9/2024,44,81,15,76,-7.3171858,108.0997955,33,6,42,48,54,6:43 AM,7:02 PM
615,8/24/2023,37,49,40,66,54.145036,48.390554,31,5,56,61,32,6:36 AM,7:13 PM
616,5/16/2023,37,94,13,98,57.4715317,12.7264154,22,9,66,30,39,6:43 AM,7:06 PM
617,1/7/2024,47,72,5,97,-8.5793,121.57227,19,5,60,42,31,6:40 AM,7:14 PM
618,7/6/2023,30,33,13,86,30.167585,120.234391,37,8,47,62,31,6:41 AM,7:06 PM
619,12/14/2023,44,36,43,80,-7.5450262,111.6556388,34,8,43,33,40,6:41 AM,7:08 PM
620,6/5/2023,33,64,49,75,39.3666967,-9.0250527,5,2,68,47,59,6:42 AM,7:07 PM
621,8/1/2023,32,96,34,94,3.7796742,9.9772486,43,0,62,66,55,6:30 AM,7:02 PM
622,10/31/2023,45,88,47,85,-22.7557422,-47.4147585,35,2,62,40,38,6:42 AM,7:04 PM
623,4/8/2023,40,44,26,88,-7.3468093,112.7792692,33,1,68,57,59,6:44 AM,7:13 PM
624,5/11/2023,31,31,11,68,51.2253204,20.1634178,29,0,54,49,32,6:34 AM,7:00 PM
625,1/21/2024,39,93,22,83,38.7204364,-9.425542,12,8,58,58,35,6:34 AM,7:08 PM
626,1/22/2024,45,86,43,80,51.04762,20.8292701,35,7,45,28,34,6:41 AM,7:05 PM
627,11/15/2023,36,81,34,82,29.731101,116.251947,29,4,67,37,34,6:31 AM,7:12 PM
628,5/10/2023,39,33,25,69,36.769677,101.48989,2,2,55,39,48,6:40 AM,7:13 PM
629,3/10/2023,48,79,8,99,23.3659806,103.3969125,12,8,57,42,54,6:32 AM,7:12 PM
630,11/16/2023,43,97,36,61,-6.9149429,107.5890217,9,4,43,36,35,6:37 AM,7:07 PM
631,8/27/2023,48,40,33,98,8.9517713,-11.9783208,4,2,63,21,58,6:33 AM,7:04 PM
632,10/27/2023,43,96,16,68,50.5763759,22.059689,23,3,52,37,47,6:31 AM,7:11 PM
633,11/29/2023,47,61,47,91,40.3073139,-7.9200214,41,7,70,48,54,6:35 AM,7:11 PM
634,7/4/2023,40,53,21,80,3.1510265,101.663037,4,7,63,53,60,6:42 AM,7:11 PM
635,1/3/2024,31,72,24,88,40.401045,117.998902,32,9,68,31,49,6:36 AM,7:02 PM
636,5/2/2023,36,68,33,95,-3.266667,31.533333,42,2,69,46,55,6:37 AM,7:04 PM
637,10/15/2023,31,61,47,76,7.3333335,124.5666656,25,8,47,41,33,6:39 AM,7:06 PM
638,4/30/2023,43,96,10,75,30.274084,120.15507,31,0,58,63,37,6:30 AM,7:07 PM
639,7/2/2023,36,53,10,84,23.0327274,113.1122067,38,6,63,21,49,6:30 AM,7:04 PM
640,3/1/2023,40,39,46,81,28.2281301,112.9884237,11,7,45,51,46,6:33 AM,7:14 PM
641,11/18/2023,35,73,24,100,29.341703,110.085494,8,6,68,32,33,6:41 AM,7:13 PM
642,3/1/2023,47,69,32,96,36.3645281,37.0158772,31,4,70,62,55,6:41 AM,7:00 PM
643,9/19/2023,37,68,47,87,10.4451778,9.2446093,5,0,69,24,37,6:43 AM,7:10 PM
644,12/15/2023,49,74,5,87,5.8320421,-74.5833539,21,7,66,34,30,6:39 AM,7:14 PM
645,11/3/2023,49,77,42,96,-6.8893639,113.3914263,29,7,58,63,43,6:32 AM,7:07 PM
646,11/7/2023,42,81,29,74,13.7279858,100.4938616,3,0,50,62,49,6:33 AM,7:00 PM
647,5/28/2023,36,100,20,60,40.0395689,65.9690392,21,3,52,68,41,6:43 AM,7:13 PM
648,7/1/2023,37,79,27,65,37.5236561,-8.7860267,12,7,50,36,43,6:40 AM,7:11 PM
649,10/19/2023,37,88,47,75,15.4621386,120.5797508,8,3,46,58,54,6:33 AM,7:13 PM
650,9/27/2023,48,32,48,73,15.0026671,-88.751805,9,4,52,60,41,6:30 AM,7:08 PM
651,12/25/2023,30,39,34,61,45.521519,3.5276642,2,3,48,23,36,6:30 AM,7:02 PM
652,6/21/2023,42,54,21,76,42.676258,123.500137,43,4,41,34,31,6:39 AM,7:13 PM
653,5/8/2023,33,99,25,61,39.4721887,-84.4772033,18,1,65,48,39,6:40 AM,7:00 PM
654,9/22/2023,38,78,31,85,14.5618599,121.0130439,1,5,51,64,48,6:37 AM,7:04 PM
655,2/24/2023,44,38,38,94,30.628795,104.0436982,10,7,46,60,38,6:40 AM,7:03 PM
656,8/11/2023,42,61,26,65,22.299866,113.058484,23,5,70,29,55,6:32 AM,7:14 PM
657,4/29/2023,36,80,10,78,9.0028747,-79.7301725,1,1,55,37,40,6:33 AM,7:13 PM
658,12/16/2023,47,67,49,86,48.581467,135.1523126,39,3,42,25,51,6:34 AM,7:03 PM
659,3/28/2023,32,34,27,75,22.541373,114.137862,33,1,57,43,53,6:33 AM,7:05 PM
660,12/11/2023,39,40,42,62,47.7809616,-2.1084626,50,4,57,54,43,6:44 AM,7:02 PM
661,5/26/2023,32,63,38,84,45.020739,14.6315962,8,8,40,49,46,6:30 AM,7:11 PM
662,9/5/2023,30,92,38,83,39.7472496,-75.5917092,29,1,56,59,34,6:34 AM,7:14 PM
663,11/3/2023,40,38,28,75,-9.1462164,-37.8188445,35,9,68,60,38,6:33 AM,7:08 PM
664,8/23/2023,49,98,37,95,49.5458457,19.0802389,27,5,41,53,40,6:31 AM,7:02 PM
665,5/22/2023,39,87,25,77,-7.9794517,112.0416754,32,0,64,30,33,6:39 AM,7:01 PM
666,3/25/2023,33,75,43,76,-9.7390437,119.8699493,28,4,64,59,58,6:35 AM,7:07 PM
667,1/21/2024,39,79,13,66,12.0021794,8.5919561,29,9,52,35,58,6:38 AM,7:11 PM
668,2/21/2023,46,51,11,72,11.7874103,-86.5141817,5,5,45,21,56,6:37 AM,7:02 PM
669,2/19/2023,44,63,36,75,32.4402243,36.5634898,19,3,57,56,36,6:35 AM,7:14 PM
670,11/17/2023,30,64,24,87,58.5469521,15.0353001,17,10,70,46,45,6:44 AM,7:02 PM
671,5/8/2023,42,88,29,91,22.816884,115.830376,14,4,65,53,39,6:34 AM,7:04 PM
672,7/30/2023,37,39,45,62,-22.7563906,-41.889042,3,8,69,63,40,6:44 AM,7:01 PM
673,3/1/2023,50,52,28,77,35.7244483,71.2874209,48,1,57,28,56,6:35 AM,7:13 PM
674,11/20/2023,44,41,50,78,1.3573565,103.8832261,24,2,58,39,45,6:38 AM,7:04 PM
675,3/5/2023,38,75,47,94,42.697778,129.7741869,47,9,59,55,49,6:38 AM,7:13 PM
676,3/16/2023,43,99,47,82,39.975999,116.317558,27,10,63,67,30,6:35 AM,7:11 PM
677,5/16/2023,37,83,36,73,45.3180513,42.846668,9,0,63,68,52,6:32 AM,7:01 PM
678,2/26/2023,49,83,16,76,-6.7751995,111.3515736,8,1,63,40,51,6:37 AM,7:07 PM
679,8/26/2023,46,50,28,86,38.3143554,26.1321521,48,10,50,62,31,6:30 AM,7:05 PM
680,12/15/2023,38,55,23,74,42.5450345,21.9002712,22,8,64,67,49,6:38 AM,7:00 PM
681,2/26/2023,48,86,32,78,36.57863,114.114634,15,6,48,36,30,6:37 AM,7:04 PM
682,8/6/2023,37,40,50,65,56.968436,-2.2508745,28,2,50,49,45,6:44 AM,7:10 PM
683,1/29/2024,49,33,6,66,59.4310564,26.2664249,36,6,54,27,35,6:42 AM,7:09 PM
684,4/9/2023,37,72,34,69,35.2868468,138.8850313,9,10,67,38,60,6:41 AM,7:00 PM
685,8/17/2023,30,46,40,100,36.1964847,-95.8459341,34,5,65,22,38,6:41 AM,7:00 PM
686,11/12/2023,38,97,7,99,19.3785056,-99.1850598,11,6,59,59,51,6:41 AM,7:09 PM
687,7/27/2023,34,36,49,74,31.074834,109.879153,10,4,69,43,37,6:36 AM,7:13 PM
688,11/23/2023,44,55,26,64,9.9518,123.9622,5,2,66,33,55,6:43 AM,7:12 PM
689,5/18/2023,32,79,38,83,13.5923622,-14.6354631,49,8,70,35,37,6:37 AM,7:10 PM
690,8/2/2023,41,65,42,96,40.3972809,-8.2549322,35,10,66,52,38,6:33 AM,7:05 PM
691,8/4/2023,31,84,15,73,53.7111077,37.29209,22,9,68,60,47,6:40 AM,7:10 PM
692,8/5/2023,37,61,10,66,34.683646,112.469023,50,4,67,41,34,6:32 AM,7:11 PM
693,9/3/2023,49,63,36,97,-25.7394696,28.3508883,14,1,52,43,38,6:40 AM,7:13 PM
694,3/12/2023,40,37,8,72,29.7162314,113.8688645,19,9,47,49,46,6:36 AM,7:04 PM
695,6/24/2023,33,97,32,75,25.456453,103.240546,40,5,58,62,30,6:36 AM,7:13 PM
696,9/22/2023,37,69,24,82,15.9593855,120.3136265,22,3,53,28,38,6:38 AM,7:10 PM
697,10/22/2023,32,59,17,86,-6.7332152,111.1950767,35,9,47,25,51,6:42 AM,7:07 PM
698,11/4/2023,44,41,39,99,15.0140045,-87.931855,5,7,46,61,54,6:33 AM,7:05 PM
699,9/19/2023,41,63,8,94,16.9633521,-89.9262925,8,9,44,49,39,6:40 AM,7:02 PM
700,9/25/2023,41,53,37,93,47.9318074,5.2893597,2,1,41,30,39,6:41 AM,7:08 PM
701,10/19/2023,33,88,36,93,0.7573413,73.434227,21,10,56,49,59,6:40 AM,7:06 PM
702,7/31/2023,47,93,39,61,15.979273,120.8157261,0,8,61,40,37,6:43 AM,7:05 PM
703,8/22/2023,35,38,43,92,-6.2324516,105.8583873,39,3,67,22,54,6:38 AM,7:03 PM
704,4/18/2023,47,92,30,65,51.462471,86.01456,34,2,61,68,32,6:37 AM,7:13 PM
705,10/31/2023,42,91,7,63,-7.1612441,108.1695504,5,4,66,42,51,6:41 AM,7:01 PM
706,10/8/2023,43,90,22,83,-6.9236,113.2611,44,4,70,23,54,6:39 AM,7:00 PM
707,3/23/2023,47,75,20,60,17.775429,120.683745,29,0,61,58,44,6:30 AM,7:05 PM
708,7/13/2023,32,35,17,86,51.752684,36.1522509,29,0,40,21,38,6:39 AM,7:04 PM
709,4/7/2023,38,54,28,81,35.1982076,136.9683227,0,7,52,42,53,6:36 AM,7:13 PM
710,10/17/2023,48,75,7,67,29.7162314,113.8688645,21,5,54,57,55,6:37 AM,7:03 PM
711,2/4/2024,37,55,39,73,-9.8529,124.2342,23,4,48,23,50,6:39 AM,7:07 PM
712,5/30/2023,39,54,6,70,8.8469761,7.0605998,9,2,58,51,41,6:37 AM,7:08 PM
713,7/15/2023,46,73,50,65,46.369247,35.3416317,42,10,40,46,36,6:38 AM,7:12 PM
714,8/21/2023,35,87,50,60,49.7266083,19.8365034,20,7,46,55,48,6:37 AM,7:10 PM
715,4/12/2023,31,74,40,98,39.029567,117.661082,16,0,45,67,34,6:30 AM,7:05 PM
716,6/2/2023,39,68,49,91,41.7007903,22.8587428,25,1,48,57,34,6:44 AM,7:12 PM
717,3/9/2023,49,81,8,67,-19.8205316,-40.2768213,45,8,54,22,37,6:33 AM,7:05 PM
718,7/3/2023,42,73,7,92,29.5530941,118.9353968,29,7,62,31,54,6:36 AM,7:05 PM
719,3/1/2023,41,73,45,97,47.73021,126.9826111,33,8,69,22,43,6:39 AM,7:05 PM
720,12/23/2023,34,80,40,77,37.6796771,68.8347313,9,4,57,62,48,6:30 AM,7:06 PM
721,8/4/2023,40,85,11,69,46.1408985,2.8862985,24,1,46,50,59,6:44 AM,7:11 PM
722,12/8/2023,46,93,30,70,-7.9017349,112.5632485,19,5,46,28,34,6:42 AM,7:11 PM
723,8/11/2023,35,34,35,89,-7.0453363,108.2347863,50,9,55,33,42,6:30 AM,7:05 PM
724,3/22/2023,31,83,44,88,-8.4428564,112.6973355,39,4,46,62,49,6:37 AM,7:07 PM
725,6/7/2023,32,69,9,84,14.082769,98.193961,21,4,44,31,56,6:30 AM,7:02 PM
726,6/7/2023,47,99,37,72,38.26,-85.75,20,10,45,57,41,6:38 AM,7:09 PM
727,4/11/2023,48,43,13,61,30.2676,120.066439,29,5,56,56,55,6:34 AM,7:13 PM
728,3/23/2023,42,80,26,79,27.948308,109.599191,21,3,63,58,59,6:33 AM,7:00 PM
729,11/7/2023,30,82,13,97,38.2587716,-7.9765637,3,10,59,61,46,6:38 AM,7:13 PM
730,2/16/2023,47,69,20,83,32.1733,35.53005,29,3,49,69,46,6:31 AM,7:03 PM
731,2/19/2023,39,74,16,72,-7.9211147,111.4946618,42,5,44,58,37,6:31 AM,7:06 PM
732,12/22/2023,48,97,46,75,35.1844489,136.7959808,45,5,45,69,43,6:37 AM,7:07 PM
733,11/29/2023,43,32,7,66,43.4945737,5.8978018,41,6,55,56,52,6:43 AM,7:00 PM
734,9/24/2023,35,47,19,68,34.590396,101.336954,24,10,69,26,48,6:42 AM,7:01 PM
735,6/18/2023,35,60,24,78,40.8276499,140.4491245,12,8,52,69,42,6:31 AM,7:04 PM
736,1/12/2024,49,58,18,79,-8.637081,-77.068703,48,10,63,39,30,6:33 AM,7:01 PM
737,1/23/2024,44,82,19,90,33.052654,115.996709,9,0,50,54,53,6:42 AM,7:04 PM
738,7/27/2023,48,68,48,81,46.5756337,16.1741662,5,5,65,34,46,6:36 AM,7:09 PM
739,10/14/2023,46,47,17,73,46.0466966,-71.0768076,45,2,45,59,31,6:43 AM,7:01 PM
740,1/25/2024,31,72,17,89,46.65684,87.77418,38,2,50,40,56,6:41 AM,7:05 PM
741,3/29/2023,48,43,6,89,19.6775122,-99.0329594,1,7,55,49,58,6:42 AM,7:07 PM
742,10/20/2023,32,33,29,98,-33.0276981,17.9176312,43,0,52,39,39,6:35 AM,7:12 PM
743,8/3/2023,39,51,24,79,40.4385006,49.8051354,7,2,57,50,55,6:32 AM,7:13 PM
744,12/29/2023,44,40,32,60,44.330811,-78.3216329,41,1,45,28,43,6:31 AM,7:13 PM
745,2/24/2023,35,38,28,90,47.2990712,-1.5086685,12,6,40,42,40,6:37 AM,7:07 PM
746,8/3/2023,31,99,25,80,-0.3052095,109.1463836,1,0,43,30,38,6:35 AM,7:00 PM
747,10/8/2023,46,98,10,80,60.6065466,15.6257125,40,0,61,55,31,6:38 AM,7:11 PM
748,10/20/2023,46,76,23,67,38.6559826,-9.0096184,12,9,68,46,37,6:41 AM,7:01 PM
749,10/20/2023,37,60,45,80,23.1243988,113.2475087,36,6,53,56,52,6:43 AM,7:06 PM
750,7/29/2023,39,97,15,87,28.168791,113.641688,23,1,63,40,32,6:31 AM,7:03 PM
751,12/25/2023,42,33,47,68,-6.4544294,106.8502879,25,7,61,41,30,6:39 AM,7:11 PM
752,5/10/2023,38,75,31,83,37.513068,122.120419,37,8,66,50,48,6:43 AM,7:00 PM
753,4/13/2023,49,46,11,88,0.6092923,30.6401231,31,5,56,60,46,6:40 AM,7:04 PM
754,6/28/2023,30,62,46,90,50.4351008,15.2414232,37,4,41,34,32,6:31 AM,7:05 PM
755,9/14/2023,43,87,27,65,46.9483051,1.9894311,50,4,49,62,44,6:30 AM,7:06 PM
756,4/24/2023,34,86,26,93,56.0394628,12.7110264,4,5,64,49,53,6:34 AM,7:03 PM
757,2/4/2024,42,50,17,82,34.7603737,127.6622221,26,6,53,32,48,6:43 AM,7:10 PM
758,12/5/2023,49,86,9,93,43.6167837,7.0125073,14,9,64,25,48,6:33 AM,7:10 PM
759,11/1/2023,31,39,42,84,-8.707209,34.3809905,13,10,64,70,52,6:35 AM,7:00 PM
760,8/21/2023,30,68,24,100,11.9781075,18.2110626,26,6,52,51,47,6:42 AM,7:06 PM
761,5/28/2023,46,58,5,92,50.2867981,16.0442852,40,7,67,43,38,6:34 AM,7:11 PM
762,3/4/2023,34,69,44,93,14.967193,120.9518182,49,1,47,35,43,6:43 AM,7:05 PM
763,5/19/2023,39,35,48,98,34.2423088,70.8744255,47,10,60,34,53,6:33 AM,7:01 PM
764,8/27/2023,37,74,25,76,15.0286165,-23.563922,15,7,53,63,40,6:40 AM,7:04 PM
765,9/12/2023,30,98,46,85,40.828411,120.769905,2,2,53,24,49,6:35 AM,7:04 PM
766,8/19/2023,42,37,50,91,23.199183,113.256439,41,0,42,61,50,6:44 AM,7:12 PM
767,12/29/2023,34,34,45,65,47.9434065,-1.235807,11,0,56,64,43,6:44 AM,7:02 PM
768,4/11/2023,30,46,31,81,48.840109,2.586253,1,0,65,28,51,6:32 AM,7:05 PM
769,5/10/2023,30,30,42,70,26.641315,100.222545,15,6,65,54,32,6:41 AM,7:02 PM
770,10/18/2023,34,89,33,86,24.804061,118.609289,18,7,54,63,38,6:35 AM,7:05 PM
771,5/26/2023,38,40,31,96,-25.3193102,-49.3042082,15,4,67,47,31,6:36 AM,7:04 PM
772,5/29/2023,32,62,45,97,43.8139627,1.9593782,48,3,50,70,52,6:30 AM,7:01 PM
773,1/13/2024,34,86,43,89,40.9178949,-8.4250467,29,1,64,36,33,6:35 AM,7:01 PM
774,12/18/2023,40,53,33,65,22.603489,114.102406,29,0,66,69,49,6:42 AM,7:11 PM
775,5/16/2023,30,48,14,85,41.4390535,-6.3931513,27,8,60,36,49,6:38 AM,7:08 PM
776,9/25/2023,35,64,24,66,33.750879,119.193333,0,10,52,61,59,6:33 AM,7:03 PM
777,12/13/2023,47,80,28,85,-5.0986263,-42.8245916,16,0,69,20,56,6:40 AM,7:13 PM
778,10/31/2023,38,46,13,83,5.6497493,37.3693679,32,4,70,41,51,6:43 AM,7:08 PM
779,5/9/2023,45,46,33,74,14.6322366,-86.6736997,48,3,49,55,40,6:39 AM,7:06 PM
780,5/21/2023,49,88,41,85,45.030617,21.0613022,4,9,53,27,48,6:41 AM,7:07 PM
781,7/3/2023,40,80,45,89,41.9662209,23.0756589,6,6,51,44,49,6:32 AM,7:12 PM
782,7/15/2023,41,52,18,60,7.1864095,100.5927222,8,9,50,61,33,6:38 AM,7:04 PM
783,8/25/2023,33,60,42,72,23.178828,113.297291,11,5,45,70,32,6:40 AM,7:09 PM
784,9/20/2023,42,34,14,66,-7.5590563,112.7509656,29,8,55,30,45,6:41 AM,7:12 PM
785,3/5/2023,40,59,43,71,29.866911,115.61166,4,7,45,20,46,6:43 AM,7:06 PM
786,12/25/2023,42,81,41,63,21.797019,111.053063,15,6,43,20,59,6:37 AM,7:07 PM
787,7/4/2023,43,71,49,70,31.298974,120.585289,16,1,53,40,33,6:33 AM,7:14 PM
788,9/22/2023,36,91,5,96,-0.819175,120.167297,34,1,62,27,36,6:31 AM,7:00 PM
789,8/17/2023,30,30,40,89,49.9521852,18.4800457,9,5,58,49,59,6:34 AM,7:06 PM
790,9/19/2023,39,66,25,72,39.109563,117.223371,32,7,66,22,30,6:33 AM,7:03 PM
791,12/16/2023,34,95,47,72,34.620202,112.453926,8,6,40,35,56,6:37 AM,7:04 PM
792,3/9/2023,32,73,22,87,50.8853797,21.8569158,9,0,47,50,53,6:33 AM,7:04 PM
793,1/29/2024,45,35,20,92,35.1307639,-118.5882119,8,6,44,60,57,6:30 AM,7:05 PM
794,2/13/2023,48,33,21,93,27.775888,108.114202,20,0,56,23,36,6:41 AM,7:06 PM
795,10/1/2023,43,93,20,96,30.8783105,120.0907688,29,9,44,57,36,6:44 AM,7:14 PM
796,11/4/2023,41,33,34,71,39.3096984,-76.6701475,0,1,56,41,50,6:44 AM,7:01 PM
797,11/7/2023,37,42,22,61,5.9840985,116.0761121,44,6,69,43,39,6:30 AM,7:08 PM
798,3/13/2023,50,33,45,85,-6.8775,111.8752,5,4,62,41,56,6:31 AM,7:06 PM
799,1/10/2024,44,95,46,92,37.5247192,129.1142915,25,8,42,37,49,6:32 AM,7:07 PM
800,6/10/2023,35,85,25,90,11.48333,122.81667,40,7,47,37,60,6:36 AM,7:13 PM
801,12/16/2023,36,83,34,92,-6.663164,106.7289847,3,3,55,36,55,6:38 AM,7:11 PM
802,11/14/2023,38,67,25,90,-6.7338751,111.3471022,9,9,69,49,58,6:44 AM,7:01 PM
803,11/24/2023,40,77,41,69,34.0313411,131.3494901,39,3,68,56,34,6:35 AM,7:02 PM
804,6/8/2023,37,72,36,60,13.3042145,-86.1828047,32,6,54,33,41,6:37 AM,7:02 PM
805,6/26/2023,34,98,32,69,32.4402243,36.5634898,15,8,49,40,42,6:37 AM,7:12 PM
806,12/21/2023,39,33,18,92,-6.9834604,112.3367573,2,5,64,56,36,6:34 AM,7:12 PM
807,4/4/2023,39,76,8,78,41.6716076,-8.504234,49,1,47,25,58,6:38 AM,7:04 PM
808,7/2/2023,36,77,15,85,2.481207,-76.6990172,15,6,42,22,60,6:43 AM,7:08 PM
809,11/19/2023,47,75,50,65,30.760008,120.753163,11,7,59,26,48,6:34 AM,7:04 PM
810,11/18/2023,39,55,18,91,55.780902,37.618106,20,9,62,51,45,6:35 AM,7:08 PM
811,11/20/2023,33,98,13,75,-27.3482312,-51.6044276,22,2,44,62,41,6:30 AM,7:02 PM
812,9/23/2023,45,45,20,75,57.7306723,12.0586546,17,10,51,55,37,6:32 AM,7:11 PM
813,2/23/2023,43,44,17,98,39.384559,-8.6100623,50,0,44,42,46,6:35 AM,7:10 PM
814,7/22/2023,50,91,18,93,50.7338713,16.0708309,15,0,64,36,34,6:42 AM,7:04 PM
815,10/18/2023,41,88,32,63,-7.0621,113.6886,44,7,56,53,56,6:32 AM,7:11 PM
816,11/21/2023,47,30,45,96,31.647135,120.93382,34,5,53,65,56,6:33 AM,7:09 PM
817,10/18/2023,47,85,41,63,-19.3836846,47.4392352,49,10,53,36,53,6:32 AM,7:03 PM
818,5/7/2023,38,84,14,67,23.021478,113.121435,23,9,61,68,44,6:42 AM,7:10 PM
819,7/10/2023,31,78,46,83,14.700389,121.090098,23,4,49,28,37,6:37 AM,7:01 PM
820,3/4/2023,31,37,12,60,14.5016958,121.042743,23,8,57,64,50,6:43 AM,7:02 PM
821,7/30/2023,36,80,45,64,-22.573223,-47.1731269,30,7,67,44,58,6:37 AM,7:00 PM
822,11/8/2023,49,85,40,71,23.105394,113.874335,8,6,67,20,60,6:34 AM,7:06 PM
823,11/12/2023,30,36,11,92,53.936,18.3177309,43,5,58,40,57,6:32 AM,7:04 PM
824,6/26/2023,37,30,36,93,-7.3162208,140.4308159,9,7,52,33,45,6:42 AM,7:01 PM
825,6/10/2023,32,93,33,60,34.7871544,113.4242071,13,0,59,57,60,6:41 AM,7:13 PM
826,8/27/2023,45,37,25,96,14.3705235,120.8168869,50,3,69,40,49,6:36 AM,7:05 PM
827,10/28/2023,34,92,40,60,36.158405,45.4759898,9,4,60,67,57,6:31 AM,7:03 PM
828,12/31/2023,47,70,18,89,-8.4578388,115.0104608,33,4,60,52,50,6:38 AM,7:03 PM
829,1/22/2024,40,44,50,93,52.6960785,21.3639876,47,1,44,39,36,6:39 AM,7:08 PM
830,11/18/2023,39,62,46,98,42.5187534,27.4772798,8,2,59,31,54,6:43 AM,7:10 PM
831,9/16/2023,38,84,45,89,13.8151887,121.436308,45,6,67,52,55,6:44 AM,7:06 PM
832,8/29/2023,49,38,15,93,-9.7083227,119.3279386,36,6,67,56,51,6:33 AM,7:00 PM
833,10/16/2023,31,87,35,64,-1.0469378,-80.6576623,7,2,53,40,32,6:40 AM,7:11 PM
834,6/28/2023,50,70,24,100,47.1117538,96.6716809,7,9,51,60,32,6:31 AM,7:03 PM
835,7/26/2023,38,83,39,65,13.768042,-2.072648,28,9,45,23,44,6:30 AM,7:05 PM
836,7/24/2023,33,90,12,99,41.946541,-8.5374197,26,5,45,21,45,6:31 AM,7:04 PM
837,2/8/2024,33,55,12,98,17.7032238,103.2317225,27,7,50,42,46,6:30 AM,7:03 PM
838,4/6/2023,32,31,29,72,-6.5445698,106.22868,30,5,68,35,59,6:41 AM,7:00 PM
839,10/21/2023,43,100,39,96,31.440961,34.99744,48,9,63,23,37,6:33 AM,7:10 PM
840,3/17/2023,45,79,27,78,39.1899002,-8.7267845,1,3,50,39,53,6:41 AM,7:12 PM
841,4/25/2023,38,99,16,68,16.1229667,120.3883934,17,9,63,65,59,6:39 AM,7:09 PM
842,9/17/2023,41,47,8,92,34.17,-118.12,2,3,48,57,48,6:33 AM,7:03 PM
843,12/18/2023,48,67,36,81,36.0896801,-79.9528451,15,10,63,51,42,6:44 AM,7:03 PM
844,1/22/2024,42,92,6,94,-18.1880676,-41.8799408,28,5,70,23,48,6:39 AM,7:08 PM
845,11/9/2023,41,56,10,74,52.426804,22.8637518,33,5,42,29,33,6:32 AM,7:02 PM
846,2/9/2024,41,58,36,65,8.3804095,124.2716911,48,8,62,63,40,6:34 AM,7:07 PM
847,6/26/2023,44,45,23,95,33.347316,120.16366,23,6,65,62,60,6:30 AM,7:13 PM
848,2/28/2023,33,69,15,97,49.8557953,20.8093376,31,10,57,34,54,6:33 AM,7:09 PM
849,5/22/2023,41,96,48,64,-37.5481968,-62.7684331,31,10,52,39,53,6:36 AM,7:07 PM
850,11/12/2023,42,78,24,83,62.5898079,50.8599404,45,2,53,27,42,6:38 AM,7:10 PM
851,7/13/2023,48,74,10,67,1.4081109,-77.391527,15,6,49,38,42,6:42 AM,7:04 PM
852,4/15/2023,47,74,6,63,14.2376109,-88.4670322,14,0,65,22,60,6:31 AM,7:08 PM
853,2/7/2024,43,90,8,77,14.283333,45.6,46,2,52,68,40,6:41 AM,7:10 PM
854,6/6/2023,46,74,23,74,23.11134,89.09061,28,5,58,22,55,6:35 AM,7:02 PM
855,12/11/2023,37,57,39,70,16.1797497,107.7215969,39,10,55,54,50,6:40 AM,7:11 PM
856,4/16/2023,34,92,40,80,48.5239429,37.7075811,1,5,42,51,31,6:30 AM,7:07 PM
857,1/11/2024,45,97,24,96,14.5324564,-91.512542,3,9,41,21,35,6:40 AM,7:12 PM
858,11/28/2023,32,53,35,70,21.958688,103.8854007,28,7,51,24,47,6:42 AM,7:14 PM
859,5/27/2023,49,52,15,64,-35.6767854,174.3471899,50,6,63,25,57,6:34 AM,7:12 PM
860,12/24/2023,42,93,14,72,15.576932,120.4028006,12,1,48,49,30,6:36 AM,7:05 PM
861,4/7/2023,34,45,23,74,49.0422777,2.03776,9,5,47,49,60,6:34 AM,7:10 PM
862,1/22/2024,37,76,44,72,-36.7333,-72.9833,6,10,50,39,60,6:44 AM,7:04 PM
863,4/30/2023,38,70,11,90,45.6808113,28.5688631,27,6,54,67,55,6:31 AM,7:08 PM
864,12/13/2023,31,46,40,82,19.3579802,-99.0806088,49,2,62,67,51,6:34 AM,7:10 PM
865,4/5/2023,42,48,5,84,33.0085361,35.0980514,8,1,44,32,48,6:30 AM,7:05 PM
866,10/27/2023,37,79,6,78,-34.6504677,-58.5613439,41,10,65,25,49,6:33 AM,7:09 PM
867,6/23/2023,45,32,23,92,43.5039342,16.5237792,5,0,51,53,60,6:39 AM,7:07 PM
868,1/27/2024,34,57,15,85,-42.7608818,-65.0587962,19,7,68,65,57,6:31 AM,7:07 PM
869,6/8/2023,39,41,28,67,-29.2199286,31.504882,5,5,65,67,42,6:39 AM,7:04 PM
870,3/3/2023,39,89,39,71,24.4314126,88.3929616,43,6,59,36,47,6:34 AM,7:07 PM
871,4/19/2023,38,45,5,73,35.474465,128.2579205,20,8,67,38,34,6:43 AM,7:07 PM
872,9/18/2023,31,77,41,73,-6.9295423,113.2066909,28,10,60,37,60,6:36 AM,7:01 PM
873,11/4/2023,37,58,8,66,49.6306384,6.0346235,4,10,49,63,46,6:30 AM,7:03 PM
874,3/1/2023,50,32,31,67,14.5346437,121.0133007,3,2,48,28,55,6:39 AM,7:11 PM
875,6/23/2023,38,30,39,82,-17.48333,-63.7,3,5,56,47,36,6:30 AM,7:07 PM
876,7/18/2023,43,54,44,67,12.8371919,-4.9221114,37,3,51,65,46,6:35 AM,7:12 PM
877,11/4/2023,36,34,21,90,8.679187,124.972309,21,4,54,68,30,6:42 AM,7:09 PM
878,8/27/2023,31,37,11,69,52.5125385,16.8395278,11,2,50,53,35,6:32 AM,7:13 PM
879,12/1/2023,34,96,34,86,47.8890778,-2.8357471,0,10,59,47,55,6:37 AM,7:09 PM
880,4/7/2023,34,86,37,70,41.0734417,-8.6358837,26,6,51,31,51,6:44 AM,7:04 PM
881,11/24/2023,38,79,19,60,47.7016459,37.4209877,29,10,60,34,36,6:32 AM,7:01 PM
882,10/15/2023,44,84,28,92,32.6455862,-16.8621088,44,2,67,42,38,6:30 AM,7:10 PM
883,11/16/2023,43,35,44,99,35.2589,100.54994,13,1,66,25,46,6:30 AM,7:00 PM
884,1/25/2024,42,82,41,82,-10.7281603,-40.3496894,41,3,67,40,33,6:30 AM,7:08 PM
885,7/17/2023,38,32,20,88,-24.5113085,-48.8447394,9,6,63,35,46,6:30 AM,7:09 PM
886,3/10/2023,44,45,40,96,18.4622215,73.8899328,23,9,43,35,41,6:32 AM,7:05 PM
887,2/9/2024,39,96,32,87,-13.6635336,48.4537424,34,5,70,54,47,6:38 AM,7:04 PM
888,12/3/2023,48,35,25,84,50.9497303,21.3422582,42,1,58,56,60,6:39 AM,7:04 PM
889,8/7/2023,32,63,44,94,-7.5284147,107.7340132,10,9,59,33,48,6:40 AM,7:14 PM
890,11/16/2023,35,62,22,75,4.6333268,9.4450439,44,5,55,34,41,6:36 AM,7:08 PM
891,11/25/2023,45,32,47,67,31.707237,-106.45163,44,4,64,26,56,6:44 AM,7:03 PM
892,1/2/2024,33,88,50,73,10.2515803,124.798851,12,4,69,20,37,6:43 AM,7:07 PM
893,10/6/2023,50,60,45,100,24.546876,107.04219,40,4,51,47,44,6:37 AM,7:07 PM
894,6/6/2023,34,32,25,75,23.492372,115.063823,45,6,66,45,31,6:37 AM,7:05 PM
895,9/21/2023,35,90,7,96,2.298952,98.1120116,13,0,43,29,40,6:33 AM,7:09 PM
896,4/27/2023,31,99,8,66,14.2512158,121.0499837,26,1,46,53,40,6:44 AM,7:05 PM
897,11/22/2023,46,43,45,71,-17.9051839,15.9758633,11,4,60,64,58,6:42 AM,7:06 PM
898,7/14/2023,43,63,48,66,16.2107446,102.4839212,34,9,53,29,34,6:33 AM,7:04 PM
899,9/14/2023,43,72,6,91,40.417358,117.500558,24,5,45,30,50,6:36 AM,7:12 PM
900,5/31/2023,48,73,10,100,-10.28917,123.70037,28,8,56,51,46,6:35 AM,7:04 PM
901,2/22/2023,41,81,41,95,33.258244,115.374821,35,9,53,22,44,6:36 AM,7:01 PM
902,8/29/2023,30,94,47,80,20.7236765,121.8097656,50,5,47,20,32,6:43 AM,7:12 PM
903,2/2/2024,37,58,29,76,30.0689467,103.0991829,0,9,52,29,58,6:38 AM,7:10 PM
904,4/29/2023,35,44,42,70,20.2218201,-75.9869609,2,2,49,60,54,6:36 AM,7:01 PM
905,8/10/2023,30,73,18,79,47.731164,87.463427,6,8,63,25,36,6:42 AM,7:07 PM
906,9/26/2023,45,31,48,98,29.8867823,-95.5487138,44,1,52,26,33,6:42 AM,7:10 PM
907,12/14/2023,30,40,13,72,51.4731906,17.6308034,3,7,57,55,32,6:35 AM,7:08 PM
908,9/7/2023,44,36,44,64,50.3257904,19.0018119,20,8,69,69,43,6:36 AM,7:08 PM
909,9/24/2023,38,45,19,69,51.4758022,6.7112395,28,0,65,51,50,6:35 AM,7:08 PM
910,6/21/2023,47,67,33,99,15.7700153,121.5561657,40,2,59,51,59,6:38 AM,7:12 PM
911,11/12/2023,42,87,14,76,60.3475308,5.3728746,44,3,48,36,49,6:43 AM,7:08 PM
912,8/25/2023,43,96,46,69,-12.2369022,-75.7455074,10,5,51,47,56,6:42 AM,7:02 PM
913,11/20/2023,33,75,21,75,39.964054,116.714967,31,5,47,43,30,6:38 AM,7:14 PM
914,6/30/2023,45,88,34,91,31.857198,112.180321,12,1,53,38,30,6:37 AM,7:13 PM
915,9/17/2023,31,47,37,60,-26.4417804,31.9416226,16,3,55,51,40,6:38 AM,7:03 PM
916,12/4/2023,49,86,18,65,41.4575762,-8.5717827,0,7,54,67,55,6:40 AM,7:08 PM
917,6/8/2023,36,38,33,62,31.5798898,35.0999042,5,9,43,65,60,6:39 AM,7:03 PM
918,10/7/2023,34,49,25,61,14.570924,121.0276584,50,0,69,43,38,6:33 AM,7:14 PM
919,11/25/2023,33,74,24,92,11.3535316,162.3442197,10,9,62,52,39,6:31 AM,7:02 PM
920,7/31/2023,31,95,27,94,51.791159,87.2508267,44,7,56,31,56,6:43 AM,7:07 PM
921,11/1/2023,38,82,22,94,35.0645029,126.9864799,1,4,61,68,55,6:31 AM,7:05 PM
922,9/5/2023,47,60,16,78,37.9642589,-121.2569138,36,5,60,24,35,6:44 AM,7:08 PM
923,10/5/2023,42,42,12,67,31.690215,113.382458,42,2,61,34,30,6:39 AM,7:06 PM
924,3/12/2023,33,49,38,83,-25.6707073,-54.7412036,37,5,62,52,48,6:33 AM,7:03 PM
925,4/8/2023,47,61,24,71,41.09028,128.29333,5,0,67,57,53,6:30 AM,7:05 PM
926,7/30/2023,49,58,29,83,14.57218,46.141361,41,10,47,42,50,6:33 AM,7:08 PM
927,6/23/2023,38,72,18,66,37.177129,119.942275,6,4,61,34,36,6:32 AM,7:03 PM
928,3/13/2023,31,36,40,88,32.1717952,13.0184123,42,9,46,33,47,6:33 AM,7:03 PM
929,3/12/2023,32,44,24,69,-8.7593366,115.5977123,19,9,64,50,49,6:38 AM,7:03 PM
930,8/8/2023,34,91,25,86,10.1253323,123.6666432,26,8,55,53,52,6:37 AM,7:03 PM
931,2/13/2023,35,33,19,99,14.5815638,121.0677092,31,1,49,61,39,6:43 AM,7:10 PM
932,8/12/2023,44,71,36,98,28.97844,117.151796,22,3,63,56,55,6:38 AM,7:07 PM
933,5/15/2023,32,83,32,68,50.3068281,22.5169584,26,8,64,61,46,6:33 AM,7:12 PM
934,7/26/2023,45,78,19,71,53.2780047,-6.1072403,14,6,55,53,50,6:43 AM,7:14 PM
935,4/20/2023,48,71,31,64,57.7316019,12.0703707,49,3,53,32,42,6:31 AM,7:12 PM
936,11/24/2023,34,30,6,71,-31.48342,19.7582,6,10,63,46,31,6:36 AM,7:13 PM
937,3/6/2023,42,85,5,89,37.9904219,23.6583002,26,3,51,38,46,6:39 AM,7:00 PM
938,12/20/2023,42,62,26,75,48.2162668,23.3302946,22,9,60,44,59,6:43 AM,7:09 PM
939,10/1/2023,35,93,33,60,39.917717,116.418465,34,10,67,35,53,6:31 AM,7:05 PM
940,4/29/2023,37,31,50,68,59.8292954,16.5457017,13,3,65,51,43,6:31 AM,7:03 PM
941,9/8/2023,31,38,34,62,55.111901,83.8869856,32,2,41,39,51,6:38 AM,7:08 PM
942,12/8/2023,37,70,43,70,45.2881808,20.9411779,49,5,58,44,30,6:30 AM,7:07 PM
943,1/11/2024,32,82,26,78,45.755062,130.5921699,6,4,64,44,54,6:44 AM,7:00 PM
944,2/2/2024,31,55,21,65,53.9559626,38.2899306,38,4,67,24,36,6:34 AM,7:06 PM
945,11/25/2023,44,48,49,69,51.4255297,-0.2050566,37,9,60,37,55,6:37 AM,7:13 PM
946,6/16/2023,50,80,34,100,-7.618249,110.6630784,24,3,68,39,37,6:35 AM,7:01 PM
947,1/23/2024,31,65,33,84,34.675197,103.498609,25,0,57,34,37,6:31 AM,7:12 PM
948,1/12/2024,50,85,40,97,55.4109698,78.2605492,29,5,51,56,43,6:33 AM,7:08 PM
949,4/26/2023,44,82,5,100,19.5037694,-99.1324282,24,10,59,66,39,6:30 AM,7:14 PM
950,6/6/2023,35,38,32,84,25.1276033,121.7391833,5,10,57,66,35,6:42 AM,7:13 PM
951,2/8/2024,38,77,43,62,29.407391,106.543713,2,7,55,36,59,6:30 AM,7:00 PM
952,5/9/2023,41,99,27,67,5.668899,-72.994095,50,2,57,47,42,6:37 AM,7:08 PM
953,5/4/2023,48,72,48,63,23.119924,113.309317,4,2,65,61,32,6:30 AM,7:09 PM
954,7/1/2023,36,89,9,61,36.0268006,-83.7942551,0,0,56,36,58,6:34 AM,7:06 PM
955,3/10/2023,42,39,10,98,26.8035682,91.5039207,35,2,41,46,56,6:42 AM,7:02 PM
956,2/17/2023,49,39,5,91,50.6170721,23.6993741,31,3,60,35,54,6:37 AM,7:00 PM
957,12/18/2023,37,37,24,69,-7.7766561,112.1579249,39,5,55,39,41,6:34 AM,7:06 PM
958,11/25/2023,36,65,33,68,14.1305459,120.838467,14,9,60,41,58,6:31 AM,7:01 PM
959,9/1/2023,35,42,5,77,47.49714,96.80311,38,3,64,62,49,6:30 AM,7:12 PM
960,12/28/2023,45,86,32,66,34.3103535,133.8255351,50,5,45,52,60,6:33 AM,7:11 PM
961,12/6/2023,42,42,50,98,16.8449454,120.8719556,16,4,69,63,31,6:40 AM,7:07 PM
962,10/10/2023,48,96,37,99,-8.3278028,122.9796796,14,6,58,34,49,6:37 AM,7:12 PM
963,7/21/2023,35,69,39,62,45.3495592,127.095743,48,2,63,63,38,6:39 AM,7:03 PM
964,6/8/2023,37,88,44,83,10.9005556,119.4011078,39,6,57,46,33,6:34 AM,7:12 PM
965,12/25/2023,45,53,38,62,56.0485726,12.6933337,17,5,43,31,59,6:41 AM,7:08 PM
966,5/24/2023,34,67,12,65,48.2166359,20.2934524,15,10,56,53,48,6:36 AM,7:04 PM
967,3/23/2023,48,73,18,97,36.7203407,-4.419495,6,3,58,34,49,6:31 AM,7:03 PM
968,12/26/2023,37,66,15,99,8.508983,125.969667,17,5,40,54,36,6:35 AM,7:07 PM
969,4/30/2023,42,41,20,79,20.0910963,-98.7623874,12,3,56,53,43,6:32 AM,7:05 PM
970,4/4/2023,46,52,33,95,32.513883,118.677372,26,6,46,62,30,6:40 AM,7:02 PM
971,9/10/2023,45,72,26,97,40.562696,-8.768226,38,1,42,40,30,6:34 AM,7:14 PM
972,2/26/2023,30,41,13,60,7.7657031,-80.2711588,25,9,44,53,44,6:33 AM,7:06 PM
973,7/21/2023,39,48,32,70,14.4833291,-89.0023961,44,8,46,26,42,6:31 AM,7:05 PM
974,11/12/2023,46,81,5,83,55.8215671,44.6852174,8,7,40,41,35,6:44 AM,7:02 PM
975,8/14/2023,49,40,46,85,-33.0482707,-71.4408752,10,3,56,47,53,6:41 AM,7:04 PM
976,8/20/2023,34,42,25,99,40.7295095,19.7859556,22,10,63,50,46,6:34 AM,7:14 PM
977,5/20/2023,37,49,36,70,-2.4681009,-66.1415263,23,2,41,42,33,6:37 AM,7:13 PM
978,12/6/2023,48,38,33,83,43.4977749,16.6495822,17,6,63,52,50,6:31 AM,7:07 PM
979,4/3/2023,44,47,50,63,47.772714,-1.813332,39,2,56,30,36,6:37 AM,7:02 PM
980,7/7/2023,40,88,41,83,39.9041999,116.4073963,40,5,56,56,52,6:40 AM,7:07 PM
981,3/14/2023,42,56,39,99,48.8144251,25.5987643,18,10,48,27,56,6:35 AM,7:12 PM
982,11/22/2023,44,67,9,83,22.6308357,104.9564084,9,7,48,23,38,6:34 AM,7:06 PM
983,5/14/2023,48,85,13,85,-34.6821989,-58.3298681,34,9,61,63,54,6:35 AM,7:11 PM
984,1/11/2024,47,98,22,72,31.67361,35.25662,4,1,66,62,37,6:40 AM,7:03 PM
985,2/28/2023,41,75,21,70,-34.6090822,-56.3628409,48,7,64,33,34,6:35 AM,7:07 PM
986,5/11/2023,32,75,18,67,41.107107,120.749727,15,6,40,68,34,6:43 AM,7:06 PM
987,1/13/2024,32,65,43,98,52.5019685,6.0684306,45,6,56,46,49,6:42 AM,7:07 PM
988,8/21/2023,40,97,42,83,30.780217,120.644805,20,4,69,68,58,6:31 AM,7:01 PM
989,4/11/2023,37,58,19,97,25.403263,104.828238,8,0,56,32,36,6:40 AM,7:00 PM
990,3/30/2023,47,48,15,84,35.3100829,46.3708668,36,4,56,26,33,6:32 AM,7:13 PM
991,4/9/2023,35,93,7,71,35.9132087,128.8189471,25,4,47,51,53,6:34 AM,7:00 PM
992,11/2/2023,38,82,21,98,30.66044,120.013991,32,5,50,60,53,6:39 AM,7:09 PM
993,8/27/2023,42,100,32,67,39.8172259,45.6727334,45,5,63,25,45,6:34 AM,7:07 PM
994,8/24/2023,49,30,43,68,15.4644779,-86.3326058,44,2,48,37,31,6:44 AM,7:00 PM
995,7/16/2023,37,52,46,86,-20.017643,-44.4370606,27,4,56,43,59,6:41 AM,7:09 PM
996,5/10/2023,30,95,30,93,14.5458392,121.0044883,40,2,70,42,37,6:42 AM,7:04 PM
997,5/15/2023,33,100,50,72,5.9354963,-4.2230836,50,3,69,66,36,6:36 AM,7:08 PM
998,9/29/2023,31,68,14,92,34.687701,133.5775129,24,1,42,25,44,6:42 AM,7:13 PM
999,10/10/2023,34,58,38,62,56.975553,60.3645218,25,5,53,45,51,6:35 AM,7:02 PM
1000,4/27/2023,50,68,47,81,31.2144668,121.4890556,15,4,44,48,48,6:33 AM,7:11 PM
